country,year,polio_vaccination_coverage,reported_polio_cases,income_level
Somalia,2017,70.0,5.0,Low
Nigeria,2003,83.0,3.0,Low
Ethiopia,2023,75.6,3.0,Low
Indonesia,2004,90.4,5.0,Upper-Middle
DR Congo,2004,91.6,4.0,Low
Indonesia,2011,100.0,1.0,Lower-Middle
Ethiopia,2002,56.1,4.0,Upper-Middle
Sudan,2007,74.4,3.0,Low
Pakistan,2021,97.6,1.0,Low
Ethiopia,2001,65.2,3.0,Upper-Middle
Afghanistan,2017,91.7,2.0,Upper-Middle
India,2008,95.6,3.0,Low
Nigeria,2012,81.7,1.0,Upper-Middle
Nigeria,2006,64.9,1.0,Lower-Middle
Somalia,2009,80.5,,Lower-Middle
Pakistan,2008,99.5,4.0,Lower-Middle
Afghanistan,2021,100.0,2.0,Low
India,2014,84.5,2.0,Lower-Middle
Nigeria,2004,70.3,4.0,Upper-Middle
Afghanistan,2011,100.0,2.0,Lower-Middle
Indonesia,2000,91.9,3.0,Upper-Middle
Somalia,2011,71.1,4.0,Lower-Middle
Ethiopia,2021,86.1,5.0,Upper-Middle
Ethiopia,2005,85.6,3.0,Lower-Middle
Sudan,2018,74.4,2.0,Lower-Middle
India,2018,86.2,5.0,Lower-Middle
Afghanistan,2015,95.3,4.0,Upper-Middle
Kenya,2018,78.4,1.0,Upper-Middle
Nigeria,2002,96.5,5.0,Lower-Middle
DR Congo,2022,60.9,2.0,Upper-Middle
DR Congo,2009,100.0,3.0,Upper-Middle
Ethiopia,2017,82.7,2.0,Low
Kenya,2012,94.9,10.0,Lower-Middle
DR Congo,2017,,4.0,Upper-Middle
Pakistan,2002,72.1,3.0,Upper-Middle
Pakistan,2022,81.6,4.0,Upper-Middle
India,2002,59.1,5.0,Upper-Middle
Kenya,2022,90.3,3.0,Low
Pakistan,2011,84.3,1.0,Upper-Middle
Pakistan,2019,79.7,2.0,Upper-Middle
Ethiopia,2006,91.0,3.0,Low
DR Congo,2023,82.5,2.0,Lower-Middle
India,2007,89.3,4.0,Lower-Middle
Afghanistan,2008,93.5,5.0,Low
Indonesia,2013,75.4,0.0,Lower-Middle
Nigeria,2004,72.0,2.0,Lower-Middle
Nigeria,2020,61.3,3.0,Low
Somalia,2018,83.5,4.0,Upper-Middle
Indonesia,2020,87.4,2.0,Low
Indonesia,2015,66.1,0.0,Low
Nigeria,2023,99.0,2.0,Low
Nigeria,2011,,1.0,Low
Afghanistan,2020,56.8,4.0,Low
Kenya,2003,99.9,1.0,Upper-Middle
Kenya,2007,58.3,2.0,Lower-Middle
Afghanistan,2006,93.6,1.0,Low
DR Congo,2014,90.7,4.0,Upper-Middle
Indonesia,2005,85.8,1.0,Low
Sudan,2004,75.7,2.0,Upper-Middle
Indonesia,2013,88.0,4.0,Lower-Middle
Somalia,2020,94.6,3.0,Upper-Middle
Nigeria,2012,70.2,9.0,Upper-Middle
Indonesia,2009,93.7,1.0,Lower-Middle
Nigeria,2017,93.2,0.0,Lower-Middle
Indonesia,2003,85.5,1.0,Upper-Middle
Somalia,2007,75.5,2.0,Low
DR Congo,2023,93.2,1.0,Low
Sudan,2010,88.1,0.0,Lower-Middle
Pakistan,2016,,5.0,Low
Afghanistan,2017,77.6,5.0,Lower-Middle
Afghanistan,2020,91.8,7.0,Upper-Middle
Sudan,2010,83.4,2.0,Upper-Middle
Indonesia,2015,95.0,4.0,Low
Pakistan,2011,77.9,6.0,Lower-Middle
Somalia,2012,70.0,3.0,Low
Kenya,2015,100.0,7.0,Low
Indonesia,2022,61.8,3.0,Upper-Middle
DR Congo,2020,76.0,4.0,Low
Nigeria,2000,85.4,2.0,Upper-Middle
India,2015,93.8,3.0,Lower-Middle
Indonesia,2014,89.8,2.0,Low
India,2005,100.0,2.0,Upper-Middle
Indonesia,2011,80.6,5.0,Low
Sudan,2007,71.5,2.0,Lower-Middle
India,2006,79.4,3.0,Low
Indonesia,2001,78.2,4.0,Low
Afghanistan,2011,81.2,1.0,Upper-Middle
India,2020,,1.0,Lower-Middle
Indonesia,2013,91.4,3.0,Lower-Middle
Kenya,2015,86.4,3.0,Lower-Middle
Nigeria,2010,66.8,,Low
Kenya,2019,93.6,3.0,Upper-Middle
Pakistan,2008,72.3,1.0,Low
Indonesia,2009,67.8,3.0,Low
Ethiopia,2016,83.0,3.0,Low
DR Congo,2011,60.9,0.0,Lower-Middle
Kenya,2005,89.1,2.0,Upper-Middle
India,2018,47.9,1.0,Lower-Middle
Sudan,2010,69.6,3.0,Low
DR Congo,2008,100.0,2.0,Low
Ethiopia,2020,73.8,1.0,Upper-Middle
Somalia,2005,75.9,3.0,Lower-Middle
Indonesia,2023,97.3,3.0,Low
Sudan,2015,72.5,4.0,Low
Indonesia,2019,91.2,1.0,Upper-Middle
Pakistan,2015,96.1,1.0,Low
Ethiopia,2005,87.7,7.0,Lower-Middle
Indonesia,2004,,1.0,Lower-Middle
India,2020,74.8,5.0,Low
Pakistan,2003,100.0,0.0,Low
Afghanistan,2001,76.1,7.0,Low
Somalia,2005,100.0,3.0,Upper-Middle
Ethiopia,2008,100.0,1.0,Upper-Middle
Nigeria,2016,88.2,4.0,Lower-Middle
Sudan,2013,85.6,5.0,Lower-Middle
Kenya,2006,76.4,2.0,Low
Indonesia,2021,80.9,1.0,Low
Sudan,2018,73.7,2.0,Low
Sudan,2000,81.2,6.0,Upper-Middle
Nigeria,2019,65.7,1.0,Upper-Middle
Nigeria,2014,65.0,4.0,Low
Pakistan,2017,97.6,4.0,Low
Ethiopia,2002,62.7,2.0,Lower-Middle
India,2017,92.6,1.0,Upper-Middle
Somalia,2001,59.3,0.0,Low
Nigeria,2009,89.6,2.0,Upper-Middle
Nigeria,2010,79.5,4.0,Low
Kenya,2023,97.9,4.0,Low
Afghanistan,2002,78.0,3.0,Lower-Middle
Nigeria,2006,,5.0,Lower-Middle
Afghanistan,2007,79.7,5.0,Lower-Middle
Pakistan,2018,83.9,2.0,Low
India,2017,,2.0,Lower-Middle
Sudan,2012,,4.0,Low
Nigeria,2012,75.2,1.0,Upper-Middle
Indonesia,2023,66.8,4.0,Upper-Middle
Afghanistan,2018,70.0,5.0,Low
Kenya,2022,75.8,3.0,Lower-Middle
Somalia,2011,75.7,3.0,Lower-Middle
Kenya,2016,100.0,4.0,Upper-Middle
Nigeria,2021,97.1,1.0,Low
Ethiopia,2011,90.2,3.0,Low
Sudan,2012,87.4,4.0,Low
India,2011,85.6,3.0,Upper-Middle
Indonesia,2018,85.7,1.0,Upper-Middle
Ethiopia,2013,84.0,4.0,Lower-Middle
Kenya,2006,,2.0,Low
Afghanistan,2012,56.9,4.0,Low
Afghanistan,2005,77.6,1.0,Low
Ethiopia,2023,79.1,4.0,Low
Afghanistan,2018,73.0,2.0,Upper-Middle
Kenya,2018,75.3,4.0,Lower-Middle
Ethiopia,2003,85.6,2.0,Upper-Middle
Kenya,2018,91.2,7.0,Lower-Middle
Indonesia,2008,85.6,3.0,Low
Sudan,2015,90.9,2.0,Low
Somalia,2003,91.1,2.0,Low
Indonesia,2005,78.4,3.0,Low
Indonesia,2007,88.3,2.0,Low
Afghanistan,2023,61.0,0.0,Upper-Middle
Nigeria,2015,77.4,0.0,Lower-Middle
DR Congo,2004,76.0,4.0,Upper-Middle
Afghanistan,2020,100.0,3.0,Low
Nigeria,2021,86.0,2.0,Lower-Middle
Kenya,2009,66.0,0.0,Lower-Middle
DR Congo,2022,89.1,3.0,Low
Afghanistan,2012,92.9,9.0,Lower-Middle
DR Congo,2013,80.9,3.0,Upper-Middle
DR Congo,2006,90.3,5.0,Upper-Middle
Pakistan,2019,52.1,7.0,Upper-Middle
Sudan,2005,49.6,4.0,Upper-Middle
Pakistan,2006,67.9,4.0,Lower-Middle
Nigeria,2004,83.8,1.0,Upper-Middle
India,2020,100.0,2.0,Lower-Middle
Ethiopia,2017,68.5,3.0,Low
Somalia,2022,71.8,4.0,Upper-Middle
India,2011,83.1,2.0,Low
Ethiopia,2005,76.1,2.0,Upper-Middle
Nigeria,2000,75.4,,Low
Nigeria,2003,76.9,2.0,Low
Kenya,2018,97.8,2.0,Low
Somalia,2011,95.4,2.0,Low
Sudan,2014,82.3,4.0,Low
DR Congo,2002,100.0,2.0,Lower-Middle
Pakistan,2022,88.1,4.0,Lower-Middle
Pakistan,2019,95.8,3.0,Upper-Middle
Nigeria,2007,71.7,1.0,Lower-Middle
Pakistan,2010,74.2,3.0,Low
Nigeria,2015,74.0,6.0,Lower-Middle
DR Congo,2008,81.0,4.0,Lower-Middle
Nigeria,2002,82.7,2.0,Low
Kenya,2004,85.9,6.0,Lower-Middle
Sudan,2019,100.0,3.0,Low
Indonesia,2013,90.7,2.0,Lower-Middle
Afghanistan,2014,75.8,5.0,Low
Sudan,2005,82.0,4.0,Upper-Middle
Sudan,2003,100.0,2.0,Lower-Middle
India,2007,91.4,4.0,Upper-Middle
Somalia,2018,99.9,2.0,Low
Somalia,2004,76.2,1.0,Low
Ethiopia,2012,73.5,3.0,Upper-Middle
Afghanistan,2015,73.6,2.0,Low
DR Congo,2000,,3.0,Low
Indonesia,2012,69.2,5.0,Low
Indonesia,2021,85.5,3.0,Low
Somalia,2010,85.7,2.0,Low
Sudan,2020,98.1,0.0,Low
Kenya,2007,60.9,2.0,Low
Ethiopia,2007,70.7,2.0,Low
Nigeria,2023,91.7,5.0,Upper-Middle
Ethiopia,2013,84.2,1.0,Lower-Middle
India,2012,,1.0,Low
Ethiopia,2002,97.2,2.0,Upper-Middle
Sudan,2003,69.9,2.0,Low
DR Congo,2019,73.3,3.0,Lower-Middle
Sudan,2014,71.8,1.0,Low
Somalia,2014,57.8,2.0,Upper-Middle
DR Congo,2020,83.6,1.0,Upper-Middle
Pakistan,2012,75.7,0.0,Lower-Middle
DR Congo,2008,73.2,4.0,Low
Ethiopia,2009,71.0,2.0,Upper-Middle
Ethiopia,2011,81.8,3.0,Lower-Middle
Ethiopia,2013,72.4,4.0,Lower-Middle
Pakistan,2000,84.7,4.0,Low
Somalia,2013,87.5,6.0,Upper-Middle
Nigeria,2013,78.5,3.0,Low
Afghanistan,2007,77.7,4.0,Low
Somalia,2015,84.2,1.0,Low
Ethiopia,2013,81.7,4.0,Upper-Middle
Somalia,2000,98.0,5.0,Lower-Middle
India,2015,85.8,0.0,Low
Indonesia,2017,95.1,1.0,Low
Indonesia,2006,89.3,5.0,Upper-Middle
Afghanistan,2014,66.2,5.0,Low
Afghanistan,2023,75.3,5.0,Lower-Middle
Nigeria,2016,81.4,3.0,Low
India,2018,92.4,3.0,Lower-Middle
Sudan,2022,100.0,5.0,Low
Somalia,2012,76.2,4.0,Low
DR Congo,2008,82.7,2.0,Low
DR Congo,2023,91.6,1.0,Lower-Middle
Sudan,2023,81.3,3.0,Low
Indonesia,2014,100.0,3.0,Low
Sudan,2002,65.8,5.0,Low
Somalia,2023,90.1,5.0,Lower-Middle
India,2000,90.0,4.0,Low
Ethiopia,2015,95.8,2.0,Upper-Middle
Pakistan,2007,82.7,1.0,Lower-Middle
Ethiopia,2022,92.7,4.0,Upper-Middle
Pakistan,2012,79.0,2.0,Low
DR Congo,2007,72.4,2.0,Lower-Middle
Afghanistan,2016,70.6,3.0,Lower-Middle
Somalia,2021,64.7,1.0,Low
Ethiopia,2022,,3.0,Upper-Middle
Sudan,2013,85.7,3.0,Lower-Middle
India,2020,,10.0,Lower-Middle
India,2020,84.4,,Lower-Middle
Indonesia,2006,96.8,2.0,Lower-Middle
India,2014,75.8,3.0,Lower-Middle
India,2015,100.0,9.0,Low
Afghanistan,2018,91.1,3.0,Lower-Middle
Sudan,2005,79.6,2.0,Upper-Middle
DR Congo,2022,79.4,2.0,Lower-Middle
India,2000,69.9,2.0,Low
DR Congo,2011,81.7,2.0,Low
Afghanistan,2017,56.1,2.0,Upper-Middle
India,2015,97.1,4.0,Lower-Middle
Somalia,2011,48.2,1.0,Upper-Middle
Indonesia,2019,82.5,0.0,Upper-Middle
Ethiopia,2012,68.3,2.0,Upper-Middle
Somalia,2007,73.6,7.0,Upper-Middle
Kenya,2021,75.1,2.0,Lower-Middle
Nigeria,2000,100.0,2.0,Low
India,2020,68.8,3.0,Low
DR Congo,2006,,3.0,Lower-Middle
Nigeria,2014,95.9,2.0,Upper-Middle
Pakistan,2021,,4.0,Lower-Middle
India,2012,74.6,5.0,Upper-Middle
Kenya,2012,99.8,4.0,Upper-Middle
Afghanistan,2008,66.2,2.0,Lower-Middle
Indonesia,2023,96.4,5.0,Lower-Middle
Kenya,2014,81.8,2.0,Upper-Middle
DR Congo,2003,81.3,2.0,Upper-Middle
Afghanistan,2012,82.8,4.0,Upper-Middle
Ethiopia,2011,86.1,4.0,Upper-Middle
Afghanistan,2004,,2.0,Lower-Middle
India,2006,78.9,,Low
Nigeria,2007,86.4,3.0,Low
Nigeria,2004,,7.0,Upper-Middle
DR Congo,2008,,1.0,Low
Afghanistan,2013,73.4,1.0,Low
Kenya,2011,89.6,2.0,Low
DR Congo,2003,83.5,0.0,Low
Indonesia,2019,63.0,4.0,Low
DR Congo,2007,75.6,5.0,Low
DR Congo,2016,71.3,2.0,Upper-Middle
Ethiopia,2007,71.1,1.0,Upper-Middle
Somalia,2020,76.3,2.0,Upper-Middle
India,2000,89.4,9.0,Lower-Middle
Ethiopia,2019,74.5,3.0,Low
Nigeria,2001,84.7,2.0,Low
Nigeria,2003,,6.0,Lower-Middle
Pakistan,2023,72.7,5.0,Low
Pakistan,2020,77.9,1.0,Upper-Middle
Kenya,2000,92.4,1.0,Upper-Middle
Nigeria,2006,83.8,4.0,Lower-Middle
Somalia,2000,88.6,0.0,Upper-Middle
Ethiopia,2008,97.3,1.0,Lower-Middle
Indonesia,2002,87.2,1.0,Upper-Middle
Somalia,2011,59.0,2.0,Low
Pakistan,2018,85.2,6.0,Upper-Middle
Afghanistan,2014,74.6,2.0,Lower-Middle
Somalia,2021,100.0,8.0,Low
Somalia,2015,86.8,2.0,Lower-Middle
Somalia,2009,74.8,1.0,Low
Somalia,2021,88.8,3.0,Low
Somalia,2005,83.1,2.0,Upper-Middle
Pakistan,2016,61.4,2.0,Upper-Middle
Nigeria,2020,92.4,1.0,Low
DR Congo,2021,77.1,4.0,Upper-Middle
Somalia,2023,,3.0,Upper-Middle
Somalia,2016,80.5,1.0,Lower-Middle
India,2020,99.3,2.0,Upper-Middle
Nigeria,2018,87.1,2.0,Low
DR Congo,2017,93.7,2.0,Upper-Middle
Indonesia,2010,76.1,4.0,Low
Indonesia,2023,,8.0,Low
Afghanistan,2006,61.3,5.0,Lower-Middle
Sudan,2009,80.5,2.0,Low
Ethiopia,2006,64.2,4.0,Low
India,2004,68.3,2.0,Lower-Middle
Nigeria,2011,71.3,3.0,Low
Nigeria,2015,89.9,3.0,Lower-Middle
Sudan,2020,80.2,,Low
Afghanistan,2017,82.4,7.0,Upper-Middle
Kenya,2002,79.9,3.0,Lower-Middle
Pakistan,2019,95.0,3.0,Lower-Middle
Afghanistan,2014,82.0,2.0,Low
DR Congo,2004,85.0,2.0,Lower-Middle
Afghanistan,2012,75.2,1.0,Low
Sudan,2018,95.8,4.0,Lower-Middle
Sudan,2011,96.7,3.0,Lower-Middle
Ethiopia,2022,81.6,1.0,Upper-Middle
India,2020,75.0,4.0,Low
Somalia,2004,62.6,1.0,Upper-Middle
Indonesia,2005,71.6,5.0,Lower-Middle
Sudan,2006,56.0,4.0,Low
Ethiopia,2009,71.1,3.0,Upper-Middle
Pakistan,2015,,5.0,Lower-Middle
Indonesia,2007,81.4,0.0,Upper-Middle
Kenya,2008,100.0,1.0,Lower-Middle
Nigeria,2003,77.5,1.0,Lower-Middle
Pakistan,2020,,4.0,Low
Kenya,2020,94.8,2.0,Low
Indonesia,2007,58.9,6.0,Low
Pakistan,2006,64.2,1.0,Lower-Middle
Ethiopia,2014,90.0,4.0,Upper-Middle
Kenya,2020,79.7,4.0,Low
Nigeria,2002,79.9,1.0,Low
Somalia,2016,70.8,2.0,Low
Ethiopia,2010,84.9,3.0,Low
DR Congo,2008,72.3,8.0,Lower-Middle
Nigeria,2004,82.9,0.0,Upper-Middle
India,2009,68.1,1.0,Lower-Middle
Afghanistan,2014,79.8,3.0,Lower-Middle
India,2013,,1.0,Lower-Middle
Sudan,2003,76.9,4.0,Low
Somalia,2020,80.4,4.0,Upper-Middle
DR Congo,2019,79.6,0.0,Lower-Middle
DR Congo,2001,84.1,1.0,Lower-Middle
Afghanistan,2011,87.6,6.0,Lower-Middle
Kenya,2000,85.1,5.0,Low
Afghanistan,2023,85.4,2.0,Low
Sudan,2019,79.8,3.0,Lower-Middle
India,2004,83.2,7.0,Low
DR Congo,2005,79.4,1.0,Upper-Middle
India,2023,60.3,4.0,Low
Nigeria,2010,100.0,3.0,Lower-Middle
Somalia,2007,90.7,2.0,Upper-Middle
Pakistan,2006,70.2,2.0,Low
Sudan,2003,84.8,3.0,Lower-Middle
Pakistan,2005,65.8,6.0,Upper-Middle
Sudan,2015,76.1,4.0,Upper-Middle
Indonesia,2019,64.2,,Upper-Middle
Somalia,2014,81.4,3.0,Low
Nigeria,2013,63.0,3.0,Upper-Middle
Somalia,2022,86.7,1.0,Low
Kenya,2011,90.2,2.0,Lower-Middle
Sudan,2011,72.1,1.0,Low
Pakistan,2015,83.9,2.0,Low
Sudan,2014,71.4,,Lower-Middle
Kenya,2012,88.1,0.0,Low
Sudan,2010,73.7,2.0,Low
Somalia,2016,91.5,0.0,Lower-Middle
Ethiopia,2020,60.3,5.0,Upper-Middle
Sudan,2014,69.9,1.0,Lower-Middle
Indonesia,2013,68.7,1.0,Upper-Middle
Indonesia,2009,84.4,1.0,Low
DR Congo,2011,88.7,5.0,Lower-Middle
Indonesia,2015,85.4,2.0,Upper-Middle
Sudan,2014,75.9,2.0,Low
Sudan,2009,48.5,2.0,Low
Ethiopia,2003,82.5,1.0,Low
Indonesia,2022,91.5,2.0,Upper-Middle
India,2008,100.0,1.0,Upper-Middle
Sudan,2020,76.9,8.0,Upper-Middle
Nigeria,2019,74.0,10.0,Low
Nigeria,2008,85.8,3.0,Upper-Middle
Pakistan,2020,78.9,3.0,Lower-Middle
Ethiopia,2023,97.3,5.0,Upper-Middle
Kenya,2019,72.3,0.0,Upper-Middle
India,2010,79.0,2.0,Low
Sudan,2010,92.5,3.0,Lower-Middle
Somalia,2006,85.7,1.0,Lower-Middle
Afghanistan,2020,95.9,0.0,Lower-Middle
Afghanistan,2009,76.8,1.0,Upper-Middle
Kenya,2003,97.2,2.0,Low
DR Congo,2004,62.0,0.0,Upper-Middle
Somalia,2004,62.5,6.0,Low
Afghanistan,2010,97.3,5.0,Lower-Middle
Kenya,2008,82.1,3.0,Upper-Middle
Afghanistan,2015,93.0,3.0,Low
Ethiopia,2008,83.2,1.0,Upper-Middle
Pakistan,2021,81.9,2.0,Low
DR Congo,2003,66.1,6.0,Lower-Middle
Ethiopia,2001,81.7,2.0,Upper-Middle
Somalia,2013,98.3,5.0,Lower-Middle
Kenya,2002,82.7,5.0,Upper-Middle
India,2017,,2.0,Upper-Middle
Somalia,2020,89.9,5.0,Low
Somalia,2005,69.8,5.0,Low
Indonesia,2010,92.3,4.0,Low
India,2020,78.2,4.0,Lower-Middle
Nigeria,2017,78.9,1.0,Lower-Middle
Indonesia,2011,100.0,0.0,Upper-Middle
Kenya,2004,89.2,1.0,Low
Nigeria,2008,74.3,1.0,Lower-Middle
Afghanistan,2019,82.8,4.0,Upper-Middle
Afghanistan,2017,82.4,1.0,Lower-Middle
Somalia,2018,100.0,4.0,Upper-Middle
Indonesia,2002,82.5,3.0,Low
Sudan,2008,100.0,1.0,Upper-Middle
India,2003,66.4,,Upper-Middle
Nigeria,2016,81.6,2.0,Low
India,2016,72.8,7.0,Low
Indonesia,2022,76.1,3.0,Upper-Middle
Somalia,2022,76.3,4.0,Lower-Middle
Ethiopia,2001,73.5,3.0,Low
Afghanistan,2008,100.0,3.0,Upper-Middle
Nigeria,2008,99.1,2.0,Low
Nigeria,2004,86.8,3.0,Low
Kenya,2014,76.3,3.0,Lower-Middle
Nigeria,2014,73.8,4.0,Low
Indonesia,2002,90.9,2.0,Upper-Middle
Nigeria,2018,85.6,1.0,Upper-Middle
Nigeria,2002,80.3,3.0,Low
India,2005,88.5,5.0,Low
Somalia,2003,92.7,5.0,Lower-Middle
Pakistan,2023,80.2,1.0,Lower-Middle
Nigeria,2012,72.6,1.0,Lower-Middle
Sudan,2012,66.1,5.0,Upper-Middle
Somalia,2010,85.0,2.0,Lower-Middle
DR Congo,2004,100.0,9.0,Upper-Middle
Kenya,2000,68.7,1.0,Lower-Middle
India,2008,95.2,5.0,Upper-Middle
Kenya,2016,73.9,7.0,Low
Ethiopia,2021,76.3,4.0,Upper-Middle
Nigeria,2000,,4.0,Low
Afghanistan,2002,78.9,2.0,Upper-Middle
Sudan,2014,85.0,5.0,Upper-Middle
India,2020,84.7,4.0,Low
Kenya,2022,73.9,7.0,Upper-Middle
Nigeria,2009,92.7,3.0,Upper-Middle
Afghanistan,2007,,5.0,Lower-Middle
Afghanistan,2011,65.3,5.0,Low
Ethiopia,2021,71.3,2.0,Low
Somalia,2014,44.6,4.0,Lower-Middle
Sudan,2008,82.6,2.0,Lower-Middle
Pakistan,2023,97.6,4.0,Low
Sudan,2009,69.4,0.0,Low
Ethiopia,2019,89.0,3.0,Low
Indonesia,2008,87.2,5.0,Lower-Middle
Somalia,2014,73.0,3.0,Lower-Middle
India,2022,100.0,2.0,Upper-Middle
Somalia,2020,78.7,2.0,Lower-Middle
Ethiopia,2020,100.0,5.0,Upper-Middle
Ethiopia,2000,62.4,1.0,Upper-Middle
India,2001,78.8,1.0,Lower-Middle
India,2018,80.2,3.0,Lower-Middle
India,2013,81.5,4.0,Lower-Middle
Somalia,2007,90.6,1.0,Lower-Middle
Nigeria,2005,100.0,7.0,Low
Kenya,2011,,1.0,Lower-Middle
DR Congo,2014,82.3,2.0,Upper-Middle
India,2013,68.8,2.0,Upper-Middle
Kenya,2020,,5.0,Low
DR Congo,2000,96.0,3.0,Low
Somalia,2010,75.4,2.0,Lower-Middle
Kenya,2002,100.0,4.0,Low
India,2018,92.4,2.0,Lower-Middle
Pakistan,2017,86.1,2.0,Lower-Middle
Ethiopia,2019,86.7,5.0,Low
Kenya,2001,86.8,2.0,Low
Afghanistan,2006,73.7,4.0,Upper-Middle
Afghanistan,2007,61.0,0.0,Low
Kenya,2018,75.4,8.0,Low
India,2021,81.8,1.0,Low
Sudan,2014,74.2,5.0,Upper-Middle
India,2009,66.6,2.0,Lower-Middle
Somalia,2021,73.0,5.0,Upper-Middle
India,2000,94.4,1.0,Low
Somalia,2005,91.0,4.0,Low
Sudan,2012,84.1,,Low
Pakistan,2013,89.0,3.0,Lower-Middle
Somalia,2002,68.4,2.0,Upper-Middle
Indonesia,2010,72.5,2.0,Upper-Middle
Afghanistan,2002,85.7,2.0,Lower-Middle
Ethiopia,2018,69.9,5.0,Upper-Middle
Afghanistan,2009,83.3,4.0,Lower-Middle
Somalia,2014,66.8,2.0,Lower-Middle
Indonesia,2010,62.2,4.0,Upper-Middle
Nigeria,2014,90.8,6.0,Upper-Middle
Pakistan,2023,94.3,6.0,Lower-Middle
Pakistan,2012,74.4,2.0,Upper-Middle
Nigeria,2004,63.8,1.0,Lower-Middle
Ethiopia,2003,55.5,2.0,Upper-Middle
Sudan,2012,100.0,2.0,Upper-Middle
DR Congo,2008,83.3,4.0,Upper-Middle
Indonesia,2016,74.7,2.0,Upper-Middle
Somalia,2001,77.6,3.0,Upper-Middle
DR Congo,2023,59.0,3.0,Low
Ethiopia,2004,89.4,4.0,Low
Sudan,2015,100.0,2.0,Upper-Middle
Pakistan,2006,72.6,2.0,Upper-Middle
Somalia,2000,100.0,2.0,Upper-Middle
Somalia,2011,,1.0,Lower-Middle
Sudan,2020,100.0,4.0,Low
Afghanistan,2010,85.7,1.0,Lower-Middle
Indonesia,2011,85.7,4.0,Low
Sudan,2018,100.0,7.0,Low
India,2011,91.4,4.0,Upper-Middle
India,2011,86.5,2.0,Upper-Middle
Sudan,2013,58.7,2.0,Lower-Middle
Pakistan,2001,63.9,6.0,Lower-Middle
Sudan,2001,87.5,1.0,Upper-Middle
Kenya,2003,99.6,2.0,Upper-Middle
Ethiopia,2019,83.5,3.0,Low
India,2022,74.9,2.0,Low
DR Congo,2015,59.9,6.0,Upper-Middle
Sudan,2009,72.6,3.0,Low
India,2012,83.6,3.0,Lower-Middle
Ethiopia,2001,71.7,4.0,Low
Ethiopia,2002,70.4,0.0,Upper-Middle
DR Congo,2018,81.4,3.0,Low
Somalia,2005,99.4,4.0,Upper-Middle
Kenya,2018,90.2,8.0,Low
Sudan,2020,85.4,3.0,Lower-Middle
Nigeria,2019,84.3,1.0,Lower-Middle
Sudan,2018,88.6,4.0,Upper-Middle
Somalia,2007,80.7,1.0,Upper-Middle
Indonesia,2013,77.1,3.0,Upper-Middle
Afghanistan,2009,90.9,1.0,Low
Pakistan,2002,79.3,6.0,Low
Somalia,2005,67.7,3.0,Low
Ethiopia,2014,99.3,3.0,Lower-Middle
Nigeria,2022,59.6,5.0,Upper-Middle
Pakistan,2022,100.0,6.0,Low
India,2017,88.1,1.0,Lower-Middle
Sudan,2013,70.4,3.0,Upper-Middle
Pakistan,2018,82.3,2.0,Lower-Middle
India,2009,76.9,3.0,Upper-Middle
Afghanistan,2014,91.7,3.0,Low
India,2003,91.5,3.0,Lower-Middle
Nigeria,2022,87.5,1.0,Lower-Middle
Ethiopia,2001,91.0,1.0,Lower-Middle
Somalia,2002,80.6,1.0,Upper-Middle
DR Congo,2006,100.0,4.0,Upper-Middle
Somalia,2022,96.7,1.0,Lower-Middle
Somalia,2015,76.3,2.0,Upper-Middle
India,2009,91.7,1.0,Lower-Middle
Sudan,2018,90.7,3.0,Low
Pakistan,2016,78.9,1.0,Lower-Middle
DR Congo,2018,77.9,2.0,Lower-Middle
DR Congo,2004,96.6,2.0,Upper-Middle
Pakistan,2022,81.8,4.0,Upper-Middle
Pakistan,2019,85.1,3.0,Upper-Middle
Ethiopia,2012,98.8,1.0,Low
Nigeria,2012,100.0,4.0,Low
Afghanistan,2010,75.7,2.0,Low
Nigeria,2010,79.3,3.0,Upper-Middle
Pakistan,2015,82.9,4.0,Lower-Middle
Sudan,2014,83.2,2.0,Lower-Middle
Kenya,2016,86.5,3.0,Lower-Middle
Kenya,2021,76.1,4.0,Upper-Middle
Afghanistan,2017,66.8,2.0,Upper-Middle
Pakistan,2018,100.0,2.0,Low
Kenya,2003,89.3,3.0,Upper-Middle
Afghanistan,2021,77.0,8.0,Lower-Middle
DR Congo,2021,87.2,5.0,Low
Afghanistan,2022,100.0,2.0,Low
DR Congo,2004,72.5,3.0,Upper-Middle
Ethiopia,2006,84.5,2.0,Low
Kenya,2001,65.3,0.0,Low
Afghanistan,2000,80.6,3.0,Upper-Middle
Afghanistan,2011,89.4,2.0,Low
Afghanistan,2009,68.6,4.0,Lower-Middle
Sudan,2007,79.8,1.0,Upper-Middle
Afghanistan,2000,91.6,3.0,Lower-Middle
Sudan,2011,89.1,3.0,Lower-Middle
Somalia,2001,68.1,2.0,Lower-Middle
Ethiopia,2009,86.5,2.0,Lower-Middle
Somalia,2021,88.7,4.0,Low
Indonesia,2016,83.3,3.0,Low
Somalia,2002,95.1,4.0,Upper-Middle
Pakistan,2006,74.9,2.0,Upper-Middle
DR Congo,2011,86.9,2.0,Lower-Middle
Pakistan,2007,68.0,2.0,Lower-Middle
Nigeria,2019,62.8,6.0,Upper-Middle
Somalia,2011,91.4,0.0,Upper-Middle
Kenya,2002,82.2,2.0,Upper-Middle
India,2016,76.4,4.0,Upper-Middle
Somalia,2008,69.2,1.0,Lower-Middle
Ethiopia,2009,91.9,3.0,Upper-Middle
Somalia,2021,63.9,4.0,Low
Sudan,2005,93.9,2.0,Lower-Middle
Nigeria,2000,87.4,2.0,Low
Afghanistan,2021,64.5,3.0,Upper-Middle
Nigeria,2011,83.5,,Low
Nigeria,2004,100.0,4.0,Upper-Middle
DR Congo,2012,96.3,2.0,Low
India,2014,72.1,1.0,Lower-Middle
Nigeria,2021,,4.0,Low
DR Congo,2010,65.0,7.0,Lower-Middle
Afghanistan,2007,65.5,8.0,Low
Pakistan,2004,81.2,4.0,Low
Afghanistan,2001,88.6,4.0,Lower-Middle
Kenya,2011,91.7,2.0,Lower-Middle
Nigeria,2001,91.9,3.0,Upper-Middle
Nigeria,2015,87.9,3.0,Lower-Middle
Pakistan,2020,62.6,2.0,Lower-Middle
Ethiopia,2002,81.3,5.0,Upper-Middle
Nigeria,2009,93.6,4.0,Lower-Middle
India,2018,87.3,2.0,Lower-Middle
Indonesia,2007,84.2,5.0,Low
Nigeria,2006,86.0,2.0,Upper-Middle
Indonesia,2000,85.8,3.0,Upper-Middle
Afghanistan,2011,58.4,4.0,Low
Somalia,2004,95.9,1.0,Upper-Middle
Ethiopia,2015,80.7,6.0,Low
DR Congo,2003,90.5,3.0,Lower-Middle
Sudan,2016,54.3,1.0,Upper-Middle
Ethiopia,2023,100.0,1.0,Lower-Middle
Sudan,2020,68.1,2.0,Upper-Middle
Afghanistan,2001,100.0,2.0,Lower-Middle
Ethiopia,2011,100.0,2.0,Upper-Middle
DR Congo,2000,66.1,6.0,Upper-Middle
Sudan,2011,91.8,0.0,Lower-Middle
Pakistan,2011,69.8,4.0,Low
India,2011,74.3,4.0,Upper-Middle
Ethiopia,2018,74.6,5.0,Low
Afghanistan,2016,,4.0,Low
Nigeria,2019,85.9,3.0,Low
DR Congo,2023,67.6,,Low
Sudan,2023,87.3,4.0,Low
Sudan,2010,79.6,3.0,Low
India,2012,60.2,5.0,Upper-Middle
Sudan,2007,76.8,2.0,Low
Indonesia,2009,,5.0,Upper-Middle
Kenya,2007,77.2,1.0,Upper-Middle
Indonesia,2019,60.0,1.0,Upper-Middle
Sudan,2007,91.8,3.0,Lower-Middle
DR Congo,2008,70.9,3.0,Low
Ethiopia,2006,84.6,3.0,Lower-Middle
Afghanistan,2013,79.9,3.0,Low
Nigeria,2001,100.0,1.0,Lower-Middle
Ethiopia,2010,79.9,4.0,Upper-Middle
Pakistan,2007,68.3,7.0,Lower-Middle
Ethiopia,2012,76.4,2.0,Upper-Middle
Ethiopia,2020,67.3,1.0,Lower-Middle
Afghanistan,2014,79.5,4.0,Low
India,2002,100.0,5.0,Low
Sudan,2022,97.0,1.0,Lower-Middle
India,2013,100.0,3.0,Lower-Middle
Pakistan,2014,87.8,4.0,Low
Somalia,2001,83.7,1.0,Lower-Middle
Nigeria,2018,70.0,7.0,Lower-Middle
Indonesia,2011,85.2,2.0,Low
Nigeria,2019,80.4,4.0,Upper-Middle
Sudan,2003,91.3,1.0,Low
Nigeria,2002,68.5,2.0,Low
Kenya,2004,82.6,4.0,Lower-Middle
Indonesia,2002,63.1,4.0,Low
Pakistan,2014,86.1,3.0,Low
Sudan,2018,,5.0,Lower-Middle
DR Congo,2001,62.5,1.0,Lower-Middle
Pakistan,2011,65.9,5.0,Upper-Middle
Kenya,2004,66.4,3.0,Low
Indonesia,2021,,1.0,Upper-Middle
Afghanistan,2016,65.2,8.0,Upper-Middle
Kenya,2013,98.5,2.0,Upper-Middle
Pakistan,2021,87.2,1.0,Upper-Middle
Sudan,2009,89.2,4.0,Low
Somalia,2002,62.9,2.0,Low
Sudan,2003,97.5,5.0,Low
Indonesia,2005,89.8,2.0,Upper-Middle
Somalia,2023,73.8,2.0,Lower-Middle
India,2021,63.5,0.0,Low
Indonesia,2015,81.1,4.0,Upper-Middle
Indonesia,2006,76.4,1.0,Upper-Middle
Kenya,2014,76.9,3.0,Upper-Middle
Sudan,2020,73.5,4.0,Upper-Middle
Pakistan,2019,90.7,6.0,Upper-Middle
Afghanistan,2010,50.8,4.0,Upper-Middle
Nigeria,2021,99.2,6.0,Low
Ethiopia,2020,94.0,4.0,Lower-Middle
Afghanistan,2000,84.5,5.0,Low
Nigeria,2004,80.3,2.0,Low
India,2012,95.0,4.0,Upper-Middle
Pakistan,2020,81.5,4.0,Low
Sudan,2013,78.7,1.0,Lower-Middle
DR Congo,2008,95.7,2.0,Lower-Middle
Indonesia,2016,,4.0,Upper-Middle
Afghanistan,2014,70.3,2.0,Lower-Middle
Nigeria,2020,87.1,,Upper-Middle
DR Congo,2006,69.0,1.0,Lower-Middle
Afghanistan,2021,88.0,6.0,Lower-Middle
Pakistan,2021,72.7,4.0,Low
Sudan,2011,96.5,0.0,Lower-Middle
Somalia,2022,80.8,5.0,Upper-Middle
Afghanistan,2005,82.6,4.0,Lower-Middle
Afghanistan,2020,100.0,5.0,Lower-Middle
Sudan,2015,73.2,1.0,Low
India,2004,90.2,1.0,Upper-Middle
Kenya,2008,,2.0,Upper-Middle
Afghanistan,2013,96.4,0.0,Upper-Middle
Sudan,2007,100.0,2.0,Low
Kenya,2013,78.8,3.0,Lower-Middle
Sudan,2011,55.7,1.0,Upper-Middle
Sudan,2009,73.7,4.0,Lower-Middle
India,2019,100.0,3.0,Lower-Middle
Sudan,2019,74.9,3.0,Lower-Middle
Pakistan,2020,100.0,5.0,Low
Afghanistan,2012,74.7,3.0,Lower-Middle
Nigeria,2018,74.4,6.0,Low
Nigeria,2014,91.4,1.0,Low
Nigeria,2007,89.9,0.0,Low
Sudan,2022,92.2,3.0,Upper-Middle
DR Congo,2020,82.1,4.0,Low
Kenya,2009,94.4,0.0,Upper-Middle
Kenya,2002,93.5,,Low
Sudan,2020,95.8,1.0,Low
Pakistan,2002,74.5,1.0,Low
Pakistan,2004,94.4,4.0,Low
Indonesia,2015,75.7,1.0,Lower-Middle
Sudan,2016,80.1,5.0,Lower-Middle
Ethiopia,2005,79.9,3.0,Low
India,2019,70.0,3.0,Lower-Middle
Nigeria,2019,61.2,4.0,Upper-Middle
India,2015,96.7,2.0,Lower-Middle
Nigeria,2023,73.6,3.0,Lower-Middle
Somalia,2001,78.8,2.0,Lower-Middle
Somalia,2019,73.2,3.0,Low
Sudan,2014,78.9,3.0,Upper-Middle
Somalia,2017,75.9,1.0,Low
DR Congo,2000,97.3,6.0,Upper-Middle
Indonesia,2018,74.9,1.0,Low
Pakistan,2011,100.0,3.0,Lower-Middle
DR Congo,2007,95.7,2.0,Upper-Middle
India,2005,,1.0,Lower-Middle
India,2011,85.8,3.0,Upper-Middle
Somalia,2006,88.2,8.0,Upper-Middle
Pakistan,2017,92.1,1.0,Low
Indonesia,2021,93.3,3.0,Low
Nigeria,2013,84.2,3.0,Lower-Middle
DR Congo,2007,70.5,4.0,Lower-Middle
Indonesia,2023,89.7,0.0,Upper-Middle
Afghanistan,2019,79.2,1.0,Upper-Middle
Kenya,2021,48.5,,Low
Somalia,2013,86.7,5.0,Low
Nigeria,2004,73.2,4.0,Low
Afghanistan,2008,76.5,0.0,Low
Nigeria,2007,82.1,1.0,Low
Nigeria,2001,63.4,0.0,Upper-Middle
Somalia,2015,83.7,2.0,Upper-Middle
Nigeria,2012,78.2,3.0,Lower-Middle
Indonesia,2006,71.5,2.0,Upper-Middle
Indonesia,2015,82.6,4.0,Low
Afghanistan,2006,61.7,2.0,Upper-Middle
India,2013,82.9,1.0,Upper-Middle
Pakistan,2013,87.6,2.0,Upper-Middle
DR Congo,2011,85.7,1.0,Lower-Middle
DR Congo,2000,91.5,2.0,Lower-Middle
Ethiopia,2000,96.0,4.0,Upper-Middle
Somalia,2011,81.0,4.0,Upper-Middle
Sudan,2019,95.1,5.0,Low
Sudan,2020,81.0,3.0,Lower-Middle
Afghanistan,2014,73.6,1.0,Low
Nigeria,2003,77.3,2.0,Low
Nigeria,2006,85.2,1.0,Upper-Middle
Somalia,2015,95.0,2.0,Upper-Middle
Kenya,2002,82.0,,Upper-Middle
India,2006,73.9,2.0,Low
Ethiopia,2023,99.3,4.0,Low
Indonesia,2021,64.8,2.0,Low
Nigeria,2005,74.0,4.0,Upper-Middle
Ethiopia,2015,92.7,4.0,Upper-Middle
DR Congo,2023,100.0,,Upper-Middle
Kenya,2007,87.8,2.0,Low
Indonesia,2022,85.0,6.0,Low
Somalia,2021,78.5,5.0,Lower-Middle
Ethiopia,2005,88.6,4.0,Upper-Middle
Afghanistan,2009,83.6,5.0,Low
Indonesia,2015,72.9,4.0,Lower-Middle
Somalia,2010,78.3,0.0,Low
Sudan,2012,71.6,1.0,Low
Somalia,2005,82.2,3.0,Upper-Middle
Somalia,2023,83.9,2.0,Lower-Middle
Indonesia,2000,100.0,3.0,Low
Kenya,2020,74.8,7.0,Lower-Middle
Indonesia,2018,79.8,5.0,Lower-Middle
Pakistan,2011,97.1,4.0,Upper-Middle
India,2023,,5.0,Lower-Middle
Kenya,2005,87.7,2.0,Upper-Middle
Afghanistan,2017,79.0,4.0,Upper-Middle
Kenya,2012,76.3,8.0,Upper-Middle
DR Congo,2006,59.9,2.0,Lower-Middle
Afghanistan,2022,70.9,1.0,Low
Sudan,2012,83.2,1.0,Upper-Middle
Indonesia,2020,79.8,1.0,Low
Somalia,2007,89.5,1.0,Lower-Middle
Indonesia,2020,79.7,1.0,Low
DR Congo,2016,73.3,5.0,Low
Ethiopia,2008,86.1,1.0,Upper-Middle
DR Congo,2019,100.0,2.0,Upper-Middle
Pakistan,2012,78.2,3.0,Upper-Middle
Somalia,2001,83.7,6.0,Lower-Middle
Somalia,2003,92.2,5.0,Low
Nigeria,2001,75.1,3.0,Lower-Middle
Ethiopia,2003,97.3,1.0,Lower-Middle
Nigeria,2017,63.1,4.0,Lower-Middle
Sudan,2004,77.1,2.0,Lower-Middle
India,2018,78.3,6.0,Upper-Middle
India,2009,83.8,3.0,Low
Indonesia,2017,58.3,4.0,Upper-Middle
India,2020,98.2,5.0,Upper-Middle
Somalia,2009,87.0,2.0,Lower-Middle
DR Congo,2004,95.5,3.0,Upper-Middle
Ethiopia,2016,100.0,4.0,Low
Indonesia,2021,73.1,7.0,Lower-Middle
Indonesia,2012,52.1,3.0,Upper-Middle
Ethiopia,2022,95.8,2.0,Lower-Middle
Somalia,2016,78.6,5.0,Low
Sudan,2008,68.4,3.0,Lower-Middle
Sudan,2023,88.9,6.0,Upper-Middle
Indonesia,2011,100.0,4.0,Upper-Middle
Sudan,2013,80.7,1.0,Low
Somalia,2013,93.4,5.0,Low
Pakistan,2007,70.1,0.0,Lower-Middle
Pakistan,2022,61.8,5.0,Upper-Middle
Nigeria,2004,93.0,7.0,Low
Kenya,2018,88.6,5.0,Low
Afghanistan,2013,76.4,3.0,Upper-Middle
India,2008,100.0,5.0,Low
Sudan,2006,60.8,2.0,Low
Pakistan,2007,67.2,3.0,Upper-Middle
DR Congo,2013,75.5,2.0,Low
Ethiopia,2021,77.7,4.0,Upper-Middle
Kenya,2013,99.6,5.0,Upper-Middle
Nigeria,2010,82.6,2.0,Lower-Middle
Afghanistan,2013,79.7,3.0,Upper-Middle
Pakistan,2020,66.8,2.0,Low
Nigeria,2007,95.0,1.0,Lower-Middle
Kenya,2002,68.4,3.0,Lower-Middle
Ethiopia,2022,66.7,5.0,Low
India,2017,77.2,5.0,Lower-Middle
Pakistan,2002,84.0,5.0,Low
Ethiopia,2012,73.4,3.0,Lower-Middle
Afghanistan,2011,90.5,4.0,Low
Sudan,2014,78.6,2.0,Upper-Middle
Kenya,2017,94.6,,Upper-Middle
Afghanistan,2004,,3.0,Lower-Middle
India,2006,100.0,2.0,Lower-Middle
Ethiopia,2010,76.7,5.0,Upper-Middle
Somalia,2010,92.1,3.0,Low
India,2014,60.6,2.0,Lower-Middle
Indonesia,2009,100.0,2.0,Upper-Middle
Pakistan,2014,91.5,1.0,Lower-Middle
Sudan,2012,,3.0,Upper-Middle
Kenya,2013,78.9,7.0,Upper-Middle
DR Congo,2016,79.0,0.0,Upper-Middle
Ethiopia,2012,100.0,6.0,Low
Somalia,2009,92.8,4.0,Lower-Middle
DR Congo,2000,76.7,0.0,Low
Pakistan,2000,67.1,5.0,Low
Pakistan,2014,96.4,0.0,Upper-Middle
Kenya,2015,92.1,2.0,Low
Somalia,2011,90.5,1.0,Lower-Middle
Pakistan,2023,81.0,3.0,Lower-Middle
DR Congo,2005,78.4,4.0,Upper-Middle
Somalia,2005,,2.0,Upper-Middle
DR Congo,2011,100.0,3.0,Lower-Middle
India,2014,89.7,1.0,Lower-Middle
Afghanistan,2003,93.6,3.0,Upper-Middle
Somalia,2023,84.8,1.0,Low
Nigeria,2003,65.6,3.0,Lower-Middle
Afghanistan,2001,70.2,4.0,Upper-Middle
Afghanistan,2023,95.8,0.0,Upper-Middle
Somalia,2011,97.3,2.0,Lower-Middle
Sudan,2006,94.6,2.0,Upper-Middle
Pakistan,2019,86.2,2.0,Lower-Middle
India,2008,95.1,2.0,Upper-Middle
Sudan,2008,81.3,7.0,Upper-Middle
Sudan,2007,89.5,3.0,Low
Nigeria,2013,79.5,6.0,Upper-Middle
Ethiopia,2000,69.3,3.0,Lower-Middle
Somalia,2022,,4.0,Lower-Middle
DR Congo,2020,97.3,3.0,Low
Pakistan,2022,100.0,3.0,Lower-Middle
Sudan,2011,85.2,5.0,Upper-Middle
India,2001,69.4,1.0,Low
Ethiopia,2012,78.1,4.0,Lower-Middle
Nigeria,2003,80.4,3.0,Upper-Middle
Indonesia,2019,83.8,0.0,Low
Pakistan,2017,87.7,3.0,Upper-Middle
Indonesia,2018,86.4,3.0,Lower-Middle
Afghanistan,2015,91.3,3.0,Lower-Middle
Sudan,2013,84.4,1.0,Lower-Middle
Kenya,2007,55.3,2.0,Lower-Middle
Pakistan,2011,84.7,,Low
DR Congo,2008,83.0,2.0,Lower-Middle
Ethiopia,2005,88.6,3.0,Low
India,2017,,1.0,Low
Pakistan,2001,84.7,6.0,Upper-Middle
DR Congo,2022,88.7,0.0,Lower-Middle
Somalia,2007,80.1,2.0,Upper-Middle
Indonesia,2023,90.1,1.0,Upper-Middle
Somalia,2013,82.8,1.0,Upper-Middle
Ethiopia,2005,83.9,4.0,Upper-Middle
Nigeria,2009,46.9,2.0,Upper-Middle
Sudan,2007,68.3,2.0,Lower-Middle
Pakistan,2016,68.3,2.0,Upper-Middle
Kenya,2011,84.6,6.0,Low
Indonesia,2016,97.3,1.0,Low
Indonesia,2012,80.6,6.0,Lower-Middle
Pakistan,2018,92.2,3.0,Low
Afghanistan,2011,89.8,2.0,Upper-Middle
Somalia,2015,83.7,5.0,Low
Indonesia,2004,88.9,6.0,Upper-Middle
DR Congo,2015,85.0,1.0,Lower-Middle
India,2005,,2.0,Low
Sudan,2010,86.7,7.0,Low
Indonesia,2016,99.4,8.0,Low
DR Congo,2022,87.7,3.0,Lower-Middle
Ethiopia,2013,84.6,4.0,Lower-Middle
Ethiopia,2005,71.5,5.0,Low
Sudan,2022,99.0,2.0,Lower-Middle
Afghanistan,2010,65.1,0.0,Upper-Middle
Kenya,2011,61.5,4.0,Lower-Middle
Sudan,2012,86.5,1.0,Low
Nigeria,2003,71.4,4.0,Upper-Middle
Afghanistan,2006,95.1,5.0,Low
Indonesia,2001,61.8,3.0,Low
Sudan,2005,93.5,2.0,Low
Somalia,2005,91.9,2.0,Lower-Middle
Ethiopia,2017,83.4,1.0,Low
DR Congo,2019,56.8,6.0,Upper-Middle
Sudan,2007,,4.0,Upper-Middle
Somalia,2007,84.9,2.0,Upper-Middle
Afghanistan,2007,79.2,3.0,Low
Nigeria,2007,90.7,4.0,Upper-Middle
DR Congo,2000,81.2,5.0,Upper-Middle
India,2001,80.1,1.0,Upper-Middle
Nigeria,2011,52.9,0.0,Upper-Middle
Indonesia,2014,91.9,5.0,Lower-Middle
Somalia,2003,74.2,1.0,Low
Sudan,2002,77.2,4.0,Low
Sudan,2013,69.2,4.0,Upper-Middle
Pakistan,2021,63.5,5.0,Low
Ethiopia,2022,99.7,2.0,Upper-Middle
Indonesia,2007,91.5,3.0,Upper-Middle
Somalia,2012,91.7,3.0,Upper-Middle
Sudan,2022,79.4,4.0,Low
India,2018,61.1,4.0,Lower-Middle
DR Congo,2021,100.0,2.0,Low
Indonesia,2004,87.1,1.0,Low
Afghanistan,2012,83.6,3.0,Lower-Middle
India,2019,77.7,6.0,Low
DR Congo,2000,57.5,4.0,Lower-Middle
Kenya,2015,95.7,2.0,Upper-Middle
Ethiopia,2022,69.3,5.0,Lower-Middle
Indonesia,2023,88.6,0.0,Upper-Middle
Somalia,2001,91.3,3.0,Lower-Middle
Nigeria,2006,,5.0,Upper-Middle
DR Congo,2005,87.6,6.0,Low
Afghanistan,2004,98.2,2.0,Lower-Middle
Sudan,2003,,4.0,Low
Nigeria,2001,84.0,5.0,Upper-Middle
India,2009,79.3,1.0,Lower-Middle
Ethiopia,2021,59.9,4.0,Lower-Middle
Somalia,2004,85.4,4.0,Lower-Middle
Nigeria,2017,97.0,7.0,Low
Afghanistan,2009,98.5,3.0,Upper-Middle
DR Congo,2022,100.0,4.0,Low
Somalia,2021,60.7,3.0,Lower-Middle
Kenya,2014,100.0,3.0,Upper-Middle
Sudan,2008,84.2,1.0,Upper-Middle
Ethiopia,2010,100.0,0.0,Low
Nigeria,2020,77.3,10.0,Low
Ethiopia,2016,75.6,5.0,Lower-Middle
Ethiopia,2020,67.4,1.0,Lower-Middle
Ethiopia,2008,91.3,3.0,Lower-Middle
DR Congo,2022,88.2,1.0,Lower-Middle
Ethiopia,2015,68.6,1.0,Upper-Middle
Kenya,2005,56.0,1.0,Lower-Middle
India,2021,87.0,2.0,Lower-Middle
Afghanistan,2010,88.4,0.0,Lower-Middle
Somalia,2022,70.2,3.0,Low
Kenya,2016,67.7,2.0,Low
Somalia,2003,89.9,9.0,Low
Afghanistan,2014,100.0,2.0,Lower-Middle
India,2000,76.1,5.0,Upper-Middle
Indonesia,2021,71.4,3.0,Lower-Middle
Somalia,2019,85.6,2.0,Low
Somalia,2000,89.6,3.0,Low
India,2008,77.6,3.0,Lower-Middle
Nigeria,2011,,3.0,Upper-Middle
Kenya,2003,92.8,2.0,Upper-Middle
Nigeria,2021,77.4,5.0,Upper-Middle
Nigeria,2012,62.9,3.0,Low
Nigeria,2006,97.8,2.0,Low
Ethiopia,2007,96.3,3.0,Upper-Middle
Sudan,2012,78.4,4.0,Lower-Middle
Somalia,2010,86.2,4.0,Upper-Middle
Nigeria,2008,80.2,2.0,Lower-Middle
Kenya,2023,88.2,4.0,Low
Sudan,2015,69.7,5.0,Low
Sudan,2009,68.0,3.0,Low
Nigeria,2010,91.7,2.0,Upper-Middle
DR Congo,2011,93.3,2.0,Upper-Middle
Nigeria,2013,76.1,2.0,Low
DR Congo,2018,73.0,2.0,Low
Nigeria,2011,95.8,4.0,Low
Kenya,2017,73.4,2.0,Upper-Middle
DR Congo,2020,82.7,3.0,Upper-Middle
Ethiopia,2016,81.1,2.0,Low
Sudan,2002,64.4,4.0,Upper-Middle
Nigeria,2000,,6.0,Upper-Middle
Sudan,2018,83.1,5.0,Upper-Middle
Nigeria,2003,86.3,4.0,Upper-Middle
Somalia,2022,83.9,3.0,Low
Somalia,2015,100.0,5.0,Low
Pakistan,2011,95.9,0.0,Upper-Middle
Nigeria,2020,82.5,4.0,Low
Pakistan,2020,83.6,2.0,Low
India,2012,100.0,3.0,Low
India,2016,92.4,4.0,Lower-Middle
Sudan,2007,67.3,6.0,Low
DR Congo,2012,,4.0,Low
Nigeria,2019,96.9,2.0,Upper-Middle
Afghanistan,2004,100.0,3.0,Upper-Middle
Nigeria,2017,77.2,1.0,Lower-Middle
Nigeria,2014,76.3,5.0,Lower-Middle
Afghanistan,2011,,4.0,Low
India,2016,85.7,2.0,Low
Pakistan,2014,90.8,4.0,Upper-Middle
Sudan,2001,75.8,2.0,Low
India,2005,80.3,3.0,Low
Afghanistan,2016,57.4,2.0,Low
Nigeria,2015,100.0,0.0,Low
India,2016,63.2,1.0,Low
Kenya,2019,86.5,3.0,Low
Somalia,2008,84.9,3.0,Low
Nigeria,2004,82.5,7.0,Low
Indonesia,2022,82.8,3.0,Upper-Middle
Afghanistan,2000,69.9,2.0,Lower-Middle
Ethiopia,2005,78.1,3.0,Low
DR Congo,2023,93.6,5.0,Upper-Middle
Ethiopia,2013,97.2,4.0,Low
India,2016,76.9,4.0,Low
Nigeria,2018,63.3,0.0,Lower-Middle
DR Congo,2000,72.7,4.0,Upper-Middle
DR Congo,2000,100.0,9.0,Low
Sudan,2012,73.4,1.0,Lower-Middle
Ethiopia,2013,80.8,2.0,Lower-Middle
Nigeria,2005,99.0,2.0,Low
Sudan,2005,75.7,3.0,Low
Pakistan,2000,80.0,4.0,Upper-Middle
Ethiopia,2013,91.5,6.0,Upper-Middle
Somalia,2002,100.0,8.0,Low
Somalia,2022,74.3,2.0,Low
Sudan,2009,98.7,6.0,Lower-Middle
Pakistan,2018,78.6,4.0,Upper-Middle
Kenya,2018,71.4,8.0,Low
Kenya,2018,85.0,0.0,Low
Somalia,2022,,1.0,Upper-Middle
Indonesia,2003,87.7,6.0,Low
Afghanistan,2019,100.0,2.0,Lower-Middle
Afghanistan,2018,95.3,3.0,Lower-Middle
Indonesia,2009,80.7,1.0,Low
Sudan,2001,94.6,3.0,Upper-Middle
Afghanistan,2003,70.8,1.0,Lower-Middle
Afghanistan,2023,72.8,2.0,Upper-Middle
Ethiopia,2005,81.1,4.0,Upper-Middle
Ethiopia,2006,83.1,6.0,Upper-Middle
Indonesia,2015,66.5,2.0,Lower-Middle
Nigeria,2006,78.3,2.0,Lower-Middle
Pakistan,2017,80.3,2.0,Low
Sudan,2019,100.0,4.0,Upper-Middle
Ethiopia,2021,66.5,3.0,Lower-Middle
Ethiopia,2018,65.4,6.0,Lower-Middle
Kenya,2008,84.1,3.0,Low
Pakistan,2019,95.8,2.0,Lower-Middle
Kenya,2009,88.6,2.0,Lower-Middle
Nigeria,2012,85.6,5.0,Lower-Middle
Pakistan,2017,78.5,3.0,Low
Afghanistan,2015,90.1,7.0,Low
Kenya,2021,91.9,2.0,Upper-Middle
Somalia,2016,78.9,4.0,Lower-Middle
Sudan,2021,70.6,2.0,Low
Afghanistan,2012,70.7,2.0,Low
Pakistan,2011,92.5,2.0,Low
Somalia,2009,63.5,4.0,Upper-Middle
Nigeria,2000,100.0,3.0,Upper-Middle
Somalia,2007,76.5,6.0,Upper-Middle
Ethiopia,2020,85.7,4.0,Upper-Middle
Indonesia,2021,90.4,2.0,Upper-Middle
Somalia,2017,73.8,2.0,Lower-Middle
DR Congo,2001,76.5,4.0,Lower-Middle
Nigeria,2015,83.6,5.0,Low
Afghanistan,2011,71.8,1.0,Upper-Middle
Kenya,2008,69.2,1.0,Upper-Middle
India,2002,70.3,4.0,Low
Nigeria,2021,,3.0,Lower-Middle
DR Congo,2020,86.8,3.0,Upper-Middle
Ethiopia,2003,72.5,,Upper-Middle
Kenya,2001,92.5,4.0,Upper-Middle
Sudan,2007,,4.0,Lower-Middle
India,2009,58.6,4.0,Lower-Middle
Somalia,2015,90.4,2.0,Upper-Middle
DR Congo,2022,100.0,5.0,Upper-Middle
Somalia,2010,88.7,6.0,Low
Sudan,2017,59.4,1.0,Low
Nigeria,2021,81.7,4.0,Lower-Middle
Indonesia,2013,78.7,4.0,Low
DR Congo,2007,86.5,4.0,Upper-Middle
Pakistan,2022,71.8,6.0,Lower-Middle
Afghanistan,2014,78.0,3.0,Low
Pakistan,2016,,3.0,Lower-Middle
Indonesia,2020,84.7,5.0,Upper-Middle
Sudan,2017,65.4,2.0,Low
Pakistan,2005,87.2,1.0,Low
Ethiopia,2022,73.0,2.0,Low
DR Congo,2013,44.3,4.0,Upper-Middle
Ethiopia,2022,91.5,3.0,Lower-Middle
India,2002,87.9,,Low
Indonesia,2006,98.2,5.0,Lower-Middle
India,2014,56.9,1.0,Lower-Middle
India,2020,74.1,5.0,Lower-Middle
India,2023,83.6,2.0,Upper-Middle
Nigeria,2015,88.9,1.0,Upper-Middle
Nigeria,2015,64.4,4.0,Low
Indonesia,2007,87.2,2.0,Low
Kenya,2006,75.1,3.0,Lower-Middle
Pakistan,2005,59.7,2.0,Lower-Middle
Nigeria,2001,73.0,1.0,Lower-Middle
Somalia,2021,88.2,3.0,Upper-Middle
Ethiopia,2012,60.2,4.0,Upper-Middle
Nigeria,2011,89.6,2.0,Low
Sudan,2014,85.4,3.0,Lower-Middle
India,2008,79.0,4.0,Lower-Middle
Nigeria,2001,62.4,6.0,Upper-Middle
Indonesia,2016,63.3,2.0,Low
Ethiopia,2004,77.2,5.0,Lower-Middle
Ethiopia,2010,68.5,2.0,Lower-Middle
Kenya,2021,78.0,4.0,Low
Afghanistan,2018,92.9,2.0,Lower-Middle
Afghanistan,2023,78.7,1.0,Upper-Middle
Pakistan,2006,78.4,7.0,Low
Somalia,2001,,3.0,Lower-Middle
DR Congo,2015,94.2,6.0,Lower-Middle
Indonesia,2011,97.5,6.0,Upper-Middle
Sudan,2022,87.1,7.0,Upper-Middle
Nigeria,2014,83.6,3.0,Upper-Middle
Indonesia,2000,84.8,4.0,Lower-Middle
Somalia,2012,99.1,4.0,Lower-Middle
Afghanistan,2022,87.7,,Lower-Middle
Indonesia,2005,100.0,9.0,Low
Nigeria,2012,77.0,2.0,Upper-Middle
Kenya,2017,66.0,1.0,Low
Pakistan,2002,74.0,3.0,Upper-Middle
Kenya,2000,,3.0,Lower-Middle
Afghanistan,2014,100.0,3.0,Low
India,2012,90.8,2.0,Low
Afghanistan,2004,74.4,3.0,Upper-Middle
Pakistan,2012,91.7,4.0,Low
Nigeria,2021,80.4,1.0,Low
Somalia,2004,100.0,1.0,Lower-Middle
DR Congo,2018,78.0,3.0,Upper-Middle
Kenya,2020,63.5,4.0,Low
Afghanistan,2023,79.8,3.0,Lower-Middle
Somalia,2017,78.0,0.0,Low
Kenya,2020,65.9,6.0,Lower-Middle
Afghanistan,2021,89.0,6.0,Low
Pakistan,2009,99.1,1.0,Lower-Middle
Kenya,2023,68.5,3.0,Lower-Middle
Afghanistan,2007,93.7,2.0,Upper-Middle
Nigeria,2014,74.7,3.0,Lower-Middle
Pakistan,2020,81.7,3.0,Low
Somalia,2019,80.4,4.0,Lower-Middle
Somalia,2022,81.7,3.0,Lower-Middle
DR Congo,2021,87.7,4.0,Low
Indonesia,2003,69.7,4.0,Low
India,2001,97.5,3.0,Lower-Middle
Nigeria,2023,88.0,2.0,Low
Pakistan,2005,92.0,4.0,Lower-Middle
Kenya,2002,72.6,3.0,Lower-Middle
Somalia,2006,68.6,4.0,Lower-Middle
Nigeria,2009,96.2,2.0,Low
Pakistan,2022,68.1,3.0,Upper-Middle
Pakistan,2005,83.8,3.0,Upper-Middle
Kenya,2015,94.2,4.0,Lower-Middle
Pakistan,2001,80.5,2.0,Lower-Middle
Sudan,2023,96.0,4.0,Low
Nigeria,2016,78.7,2.0,Upper-Middle
Afghanistan,2012,66.7,3.0,Upper-Middle
Somalia,2000,86.5,4.0,Upper-Middle
Somalia,2005,84.4,4.0,Low
Afghanistan,2004,100.0,4.0,Low
Nigeria,2012,70.7,2.0,Low
India,2022,79.0,0.0,Lower-Middle
Nigeria,2017,73.2,3.0,Low
Ethiopia,2011,80.3,2.0,Lower-Middle
Pakistan,2006,79.8,3.0,Lower-Middle
Indonesia,2014,71.5,1.0,Lower-Middle
Kenya,2002,87.6,3.0,Lower-Middle
Sudan,2015,79.4,3.0,Low
Indonesia,2000,98.1,2.0,Low
Afghanistan,2015,,0.0,Upper-Middle
Kenya,2023,100.0,5.0,Upper-Middle
Kenya,2011,85.3,4.0,Lower-Middle
Kenya,2018,97.3,2.0,Upper-Middle
Somalia,2007,83.4,2.0,Upper-Middle
Sudan,2022,72.6,2.0,Upper-Middle
Somalia,2011,78.8,2.0,Lower-Middle
Pakistan,2014,65.4,5.0,Upper-Middle
Ethiopia,2001,,6.0,Low
DR Congo,2016,84.1,3.0,Lower-Middle
Sudan,2006,82.5,3.0,Low
Indonesia,2012,98.0,1.0,Lower-Middle
Pakistan,2000,80.2,2.0,Low
Nigeria,2005,59.3,4.0,Upper-Middle
Afghanistan,2012,100.0,3.0,Lower-Middle
Ethiopia,2010,73.7,2.0,Low
Pakistan,2009,93.6,3.0,Lower-Middle
Nigeria,2015,63.9,0.0,Low
Ethiopia,2023,84.9,2.0,Upper-Middle
Nigeria,2022,72.5,1.0,Lower-Middle
Sudan,2019,48.1,3.0,Lower-Middle
Nigeria,2016,78.6,4.0,Low
Ethiopia,2016,81.4,5.0,Low
Nigeria,2003,79.4,1.0,Upper-Middle
Indonesia,2004,84.9,6.0,Low
Pakistan,2022,78.8,1.0,Low
Ethiopia,2013,,1.0,Low
Indonesia,2019,84.0,1.0,Upper-Middle
Nigeria,2009,81.6,2.0,Upper-Middle
Nigeria,2013,80.0,5.0,Lower-Middle
Kenya,2000,71.3,3.0,Upper-Middle
Ethiopia,2010,89.1,3.0,Low
Sudan,2022,78.6,5.0,Lower-Middle
Nigeria,2017,77.6,4.0,Upper-Middle
Afghanistan,2015,88.1,2.0,Upper-Middle
Somalia,2017,84.5,1.0,Low
DR Congo,2007,73.6,2.0,Low
Somalia,2009,97.0,4.0,Upper-Middle
Sudan,2009,,2.0,Lower-Middle
Pakistan,2004,69.6,3.0,Low
India,2009,90.0,4.0,Upper-Middle
Afghanistan,2017,100.0,5.0,Upper-Middle
India,2020,75.1,0.0,Low
Nigeria,2023,87.0,5.0,Lower-Middle
Pakistan,2005,67.7,7.0,Lower-Middle
Indonesia,2002,70.9,3.0,Lower-Middle
Nigeria,2007,95.6,3.0,Low
India,2008,86.4,2.0,Low
Nigeria,2004,96.0,5.0,Low
DR Congo,2001,95.0,2.0,Lower-Middle
Kenya,2001,56.9,5.0,Lower-Middle
DR Congo,2006,67.6,2.0,Low
Pakistan,2016,85.3,1.0,Low
Indonesia,2009,61.6,3.0,Low
DR Congo,2011,69.3,3.0,Lower-Middle
Ethiopia,2001,99.1,2.0,Upper-Middle
Indonesia,2009,75.5,5.0,Upper-Middle
India,2019,90.5,2.0,Lower-Middle
DR Congo,2000,81.7,8.0,Low
Kenya,2003,73.8,4.0,Low
Indonesia,2012,62.0,6.0,Low
Nigeria,2011,84.8,4.0,Low
Kenya,2010,99.5,1.0,Lower-Middle
Nigeria,2009,74.2,6.0,Upper-Middle
DR Congo,2014,82.8,5.0,Upper-Middle
Afghanistan,2004,63.8,8.0,Lower-Middle
Afghanistan,2016,73.9,2.0,Low
India,2004,86.1,2.0,Upper-Middle
Kenya,2001,90.9,5.0,Lower-Middle
Nigeria,2008,88.7,4.0,Low
Sudan,2005,57.6,4.0,Upper-Middle
Kenya,2017,76.5,5.0,Lower-Middle
Ethiopia,2013,70.4,3.0,Upper-Middle
India,2018,78.3,3.0,Upper-Middle
Somalia,2013,80.7,6.0,Lower-Middle
Somalia,2007,,2.0,Lower-Middle
Nigeria,2016,85.5,,Upper-Middle
Afghanistan,2002,,3.0,Upper-Middle
Indonesia,2009,73.6,2.0,Lower-Middle
Ethiopia,2016,65.0,1.0,Low
Somalia,2010,99.5,1.0,Low
Nigeria,2007,87.2,2.0,Low
Nigeria,2000,73.1,2.0,Low
DR Congo,2012,87.3,1.0,Lower-Middle
Afghanistan,2020,92.0,0.0,Low
Kenya,2003,83.4,2.0,Upper-Middle
Indonesia,2006,73.3,8.0,Low
DR Congo,2013,76.7,4.0,Lower-Middle
Somalia,2004,85.5,3.0,Low
Indonesia,2023,84.4,4.0,Low
India,2010,96.5,4.0,Lower-Middle
Afghanistan,2016,78.7,1.0,Low
Somalia,2004,70.4,6.0,Lower-Middle
Nigeria,2019,100.0,2.0,Low
Somalia,2002,84.1,1.0,Lower-Middle
Sudan,2004,92.0,7.0,Low
Pakistan,2014,88.3,3.0,Upper-Middle
Pakistan,2018,84.2,3.0,Upper-Middle
Somalia,2015,79.3,5.0,Lower-Middle
Sudan,2007,48.4,2.0,Lower-Middle
Somalia,2012,69.2,,Lower-Middle
Pakistan,2015,85.9,1.0,Upper-Middle
DR Congo,2002,49.4,3.0,Lower-Middle
India,2000,82.9,2.0,Low
Pakistan,2008,89.9,8.0,Lower-Middle
India,2008,92.0,0.0,Lower-Middle
Nigeria,2021,89.2,5.0,Low
India,2016,93.5,1.0,Low
DR Congo,2023,100.0,4.0,Upper-Middle
Sudan,2001,95.2,2.0,Low
India,2008,84.4,4.0,Low
Indonesia,2023,80.4,4.0,Lower-Middle
Kenya,2018,83.4,3.0,Upper-Middle
Pakistan,2012,78.7,2.0,Low
Sudan,2004,95.4,1.0,Upper-Middle
Ethiopia,2008,88.9,2.0,Low
Nigeria,2012,77.4,1.0,Upper-Middle
Kenya,2000,97.9,2.0,Low
Indonesia,2014,78.5,1.0,Lower-Middle
Afghanistan,2003,70.7,1.0,Upper-Middle
DR Congo,2003,81.9,3.0,Upper-Middle
Somalia,2019,72.1,1.0,Low
Kenya,2009,,3.0,Upper-Middle
Sudan,2005,71.9,2.0,Low
Sudan,2023,80.6,3.0,Upper-Middle
Sudan,2011,93.3,,Upper-Middle
Nigeria,2019,73.5,4.0,Lower-Middle
India,2015,86.9,1.0,Lower-Middle
Pakistan,2002,,3.0,Upper-Middle
Afghanistan,2013,84.9,3.0,Lower-Middle
Somalia,2000,88.8,4.0,Upper-Middle
Sudan,2009,81.5,4.0,Low
Somalia,2014,82.4,4.0,Upper-Middle
Ethiopia,2006,87.3,3.0,Upper-Middle
Nigeria,2003,78.6,4.0,Lower-Middle
Sudan,2013,92.7,5.0,Lower-Middle
Ethiopia,2023,98.5,3.0,Low
Afghanistan,2015,70.9,3.0,Low
Afghanistan,2013,100.0,2.0,Low
Pakistan,2002,78.4,3.0,Upper-Middle
Indonesia,2016,100.0,4.0,Low
Pakistan,2020,78.5,2.0,Low
India,2013,90.5,7.0,Lower-Middle
Somalia,2017,,4.0,Lower-Middle
DR Congo,2002,77.4,,Low
Afghanistan,2021,,2.0,Low
DR Congo,2018,99.3,1.0,Upper-Middle
Nigeria,2002,78.1,2.0,Upper-Middle
Kenya,2011,77.0,3.0,Lower-Middle
Sudan,2021,68.2,6.0,Low
Nigeria,2004,100.0,5.0,Low
Afghanistan,2009,76.2,3.0,Low
Ethiopia,2008,96.4,2.0,Low
Somalia,2000,74.8,4.0,Low
DR Congo,2012,96.0,2.0,Upper-Middle
Pakistan,2002,91.7,3.0,Upper-Middle
Kenya,2018,79.3,4.0,Low
Indonesia,2010,73.2,1.0,Upper-Middle
Nigeria,2015,74.2,9.0,Upper-Middle
Indonesia,2005,74.0,4.0,Low
DR Congo,2023,94.8,3.0,Upper-Middle
DR Congo,2002,83.9,3.0,Low
Sudan,2018,68.6,2.0,Upper-Middle
Ethiopia,2005,79.0,2.0,Low
Ethiopia,2007,80.4,4.0,Low
India,2021,56.3,2.0,Upper-Middle
Pakistan,2012,79.6,2.0,Upper-Middle
Afghanistan,2011,90.7,2.0,Lower-Middle
Afghanistan,2009,80.3,3.0,Low
DR Congo,2002,85.1,2.0,Low
Nigeria,2003,87.8,3.0,Low
Somalia,2000,77.9,3.0,Low
Afghanistan,2012,90.8,3.0,Upper-Middle
Afghanistan,2023,99.5,3.0,Upper-Middle
Nigeria,2003,63.7,4.0,Lower-Middle
Pakistan,2021,77.9,6.0,Low
Kenya,2010,100.0,2.0,Lower-Middle
Ethiopia,2018,84.0,3.0,Lower-Middle
Sudan,2010,81.6,5.0,Lower-Middle
Sudan,2011,78.9,1.0,Lower-Middle
Sudan,2010,97.3,4.0,Lower-Middle
Nigeria,2005,70.7,3.0,Upper-Middle
Sudan,2011,93.1,6.0,Upper-Middle
DR Congo,2008,78.7,3.0,Lower-Middle
India,2009,73.0,1.0,Upper-Middle
Nigeria,2002,79.2,,Upper-Middle
Nigeria,2002,81.4,3.0,Lower-Middle
Ethiopia,2019,76.0,2.0,Upper-Middle
Sudan,2022,95.4,4.0,Upper-Middle
Indonesia,2015,73.1,6.0,Low
Kenya,2002,83.7,3.0,Lower-Middle
India,2009,88.4,6.0,Low
Nigeria,2023,83.6,5.0,Low
India,2010,91.3,2.0,Lower-Middle
Nigeria,2007,76.8,4.0,Low
Pakistan,2005,89.5,1.0,Low
Ethiopia,2019,89.8,4.0,Upper-Middle
DR Congo,2010,93.6,1.0,Low
Pakistan,2020,,2.0,Lower-Middle
Somalia,2011,88.1,,Upper-Middle
Sudan,2015,92.8,1.0,Upper-Middle
Somalia,2017,77.1,4.0,Upper-Middle
Kenya,2012,75.4,1.0,Lower-Middle
Indonesia,2021,73.6,3.0,Lower-Middle
DR Congo,2002,69.6,2.0,Lower-Middle
Pakistan,2014,90.0,4.0,Low
India,2021,100.0,3.0,Low
India,2020,75.3,5.0,Upper-Middle
Kenya,2013,76.4,6.0,Upper-Middle
Nigeria,2017,82.2,4.0,Lower-Middle
India,2013,62.8,5.0,Lower-Middle
Sudan,2004,73.7,7.0,Low
Indonesia,2020,81.3,2.0,Low
Ethiopia,2013,,4.0,Lower-Middle
Sudan,2007,,6.0,Lower-Middle
Indonesia,2022,66.5,3.0,Low
Kenya,2014,92.8,7.0,Upper-Middle
Sudan,2014,99.6,6.0,Upper-Middle
Ethiopia,2018,86.6,3.0,Low
Ethiopia,2019,80.4,1.0,Low
Afghanistan,2005,85.0,2.0,Upper-Middle
Nigeria,2018,76.7,4.0,Low
Kenya,2007,57.6,4.0,Upper-Middle
Sudan,2005,70.2,5.0,Upper-Middle
DR Congo,2019,81.9,4.0,Low
DR Congo,2022,70.7,4.0,Lower-Middle
Kenya,2014,77.0,2.0,Lower-Middle
Sudan,2002,87.8,6.0,Lower-Middle
Pakistan,2009,83.7,1.0,Lower-Middle
Pakistan,2014,94.7,1.0,Lower-Middle
Nigeria,2023,85.5,7.0,Lower-Middle
Sudan,2015,86.2,3.0,Lower-Middle
Ethiopia,2016,73.5,3.0,Low
India,2018,66.0,1.0,Low
DR Congo,2010,77.0,2.0,Lower-Middle
Sudan,2015,73.3,1.0,Low
Sudan,2004,80.0,1.0,Upper-Middle
India,2004,69.2,2.0,Lower-Middle
India,2013,92.1,3.0,Upper-Middle
Indonesia,2017,73.2,2.0,Low
Afghanistan,2007,77.6,7.0,Lower-Middle
Nigeria,2004,81.8,4.0,Upper-Middle
DR Congo,2006,95.5,4.0,Low
India,2015,,3.0,Lower-Middle
Pakistan,2022,100.0,4.0,Lower-Middle
Kenya,2013,66.6,4.0,Upper-Middle
Pakistan,2004,77.5,7.0,Upper-Middle
Indonesia,2023,75.2,4.0,Upper-Middle
Indonesia,2008,86.4,4.0,Low
India,2003,85.7,1.0,Upper-Middle
Indonesia,2003,75.0,1.0,Upper-Middle
Ethiopia,2015,74.1,1.0,Upper-Middle
Somalia,2023,70.0,5.0,Lower-Middle
Sudan,2016,,6.0,Upper-Middle
Sudan,2014,66.4,3.0,Upper-Middle
India,2003,92.4,6.0,Low
Indonesia,2005,,7.0,Low
Kenya,2015,98.2,2.0,Upper-Middle
Ethiopia,2003,92.9,3.0,Low
Nigeria,2005,69.9,,Low
Indonesia,2004,67.8,2.0,Low
Ethiopia,2015,60.3,2.0,Lower-Middle
Afghanistan,2015,75.0,1.0,Upper-Middle
Nigeria,2009,83.0,2.0,Upper-Middle
Sudan,2008,69.9,4.0,Upper-Middle
Afghanistan,2003,,1.0,Low
India,2013,89.8,5.0,Low
DR Congo,2003,76.3,3.0,Low
India,2011,65.9,3.0,Lower-Middle
Kenya,2023,98.6,3.0,Low
Ethiopia,2009,82.4,4.0,Lower-Middle
DR Congo,2003,100.0,0.0,Upper-Middle
Nigeria,2017,83.1,4.0,Low
Nigeria,2012,83.9,6.0,Lower-Middle
Afghanistan,2012,70.4,4.0,Lower-Middle
Kenya,2013,76.9,1.0,Low
Sudan,2017,63.3,3.0,Lower-Middle
Indonesia,2000,65.9,0.0,Low
Indonesia,2020,90.9,5.0,Lower-Middle
DR Congo,2015,78.6,3.0,Upper-Middle
Kenya,2014,76.9,2.0,Upper-Middle
Kenya,2021,73.1,4.0,Upper-Middle
Nigeria,2004,77.4,4.0,Low
Sudan,2005,95.6,6.0,Upper-Middle
Ethiopia,2005,83.7,3.0,Upper-Middle
Sudan,2002,67.8,2.0,Upper-Middle
Pakistan,2015,94.4,0.0,Low
Kenya,2011,100.0,3.0,Lower-Middle
India,2003,87.9,,Low
Somalia,2000,92.7,4.0,Low
Kenya,2003,96.6,3.0,Upper-Middle
DR Congo,2000,62.1,4.0,Lower-Middle
India,2020,100.0,1.0,Upper-Middle
DR Congo,2007,95.2,0.0,Upper-Middle
Afghanistan,2023,87.9,3.0,Low
Somalia,2004,80.5,2.0,Low
Somalia,2001,66.0,3.0,Low
Nigeria,2011,78.0,2.0,Upper-Middle
Kenya,2021,87.4,3.0,Lower-Middle
Nigeria,2016,68.7,3.0,Lower-Middle
Indonesia,2006,81.2,0.0,Upper-Middle
DR Congo,2010,67.8,1.0,Lower-Middle
Pakistan,2003,77.4,2.0,Upper-Middle
Pakistan,2004,65.8,4.0,Lower-Middle
Indonesia,2005,64.5,3.0,Upper-Middle
Afghanistan,2010,86.1,0.0,Lower-Middle
Pakistan,2000,75.0,5.0,Low
DR Congo,2009,76.2,3.0,Low
Pakistan,2019,74.4,2.0,Low
Indonesia,2023,100.0,2.0,Low
India,2020,89.3,2.0,Upper-Middle
Nigeria,2010,90.6,1.0,Lower-Middle
Ethiopia,2023,72.7,0.0,Upper-Middle
DR Congo,2016,88.1,5.0,Low
Nigeria,2007,79.3,5.0,Lower-Middle
Somalia,2012,72.6,0.0,Upper-Middle
Sudan,2019,100.0,1.0,Low
Pakistan,2017,88.9,2.0,Lower-Middle
Pakistan,2021,88.3,2.0,Lower-Middle
Afghanistan,2015,70.3,4.0,Low
Nigeria,2001,66.8,2.0,Low
Sudan,2004,81.3,5.0,Lower-Middle
Pakistan,2017,75.1,3.0,Low
Somalia,2002,89.4,2.0,Upper-Middle
Afghanistan,2021,90.2,4.0,Low
Nigeria,2016,82.8,4.0,Low
Afghanistan,2015,91.9,2.0,Low
Nigeria,2005,84.3,0.0,Lower-Middle
Kenya,2018,71.5,5.0,Lower-Middle
Kenya,2006,79.6,2.0,Low
Indonesia,2017,83.6,3.0,Lower-Middle
DR Congo,2013,93.1,0.0,Low
Afghanistan,2005,84.7,5.0,Upper-Middle
Indonesia,2007,75.1,3.0,Lower-Middle
Afghanistan,2014,93.6,3.0,Low
Pakistan,2014,86.6,1.0,Lower-Middle
Ethiopia,2014,100.0,6.0,Upper-Middle
Afghanistan,2015,83.0,2.0,Upper-Middle
Pakistan,2000,69.6,4.0,Low
Sudan,2010,,3.0,Lower-Middle
Kenya,2004,75.1,1.0,Upper-Middle
Indonesia,2004,85.5,3.0,Lower-Middle
Ethiopia,2020,84.2,3.0,Low
Somalia,2005,82.5,1.0,Upper-Middle
Kenya,2001,80.0,5.0,Upper-Middle
Indonesia,2005,62.2,2.0,Lower-Middle
Ethiopia,2013,70.0,8.0,Upper-Middle
Somalia,2010,95.5,5.0,Low
India,2003,87.1,3.0,Low
Pakistan,2023,,2.0,Upper-Middle
India,2008,69.5,0.0,Low
Pakistan,2023,81.6,2.0,Upper-Middle
Nigeria,2002,96.0,6.0,Upper-Middle
DR Congo,2015,75.2,4.0,Upper-Middle
Ethiopia,2010,76.2,3.0,Upper-Middle
India,2003,78.5,4.0,Lower-Middle
DR Congo,2000,,2.0,Upper-Middle
Ethiopia,2020,88.4,2.0,Low
Indonesia,2021,60.6,2.0,Lower-Middle
Nigeria,2015,100.0,3.0,Low
Indonesia,2018,70.5,3.0,Upper-Middle
Pakistan,2015,56.6,5.0,Low
DR Congo,2010,81.9,5.0,Lower-Middle
Ethiopia,2007,77.5,2.0,Low
Afghanistan,2022,79.9,0.0,Lower-Middle
DR Congo,2000,85.8,1.0,Upper-Middle
Sudan,2020,89.7,3.0,Upper-Middle
Somalia,2008,100.0,2.0,Low
India,2011,73.7,5.0,Low
Ethiopia,2021,91.3,2.0,Upper-Middle
Kenya,2007,90.5,2.0,Upper-Middle
Kenya,2016,50.3,5.0,Low
Somalia,2009,72.0,7.0,Upper-Middle
Pakistan,2006,66.6,4.0,Lower-Middle
DR Congo,2018,87.4,5.0,Lower-Middle
DR Congo,2005,86.1,3.0,Low
Kenya,2020,86.3,5.0,Low
DR Congo,2023,78.3,2.0,Upper-Middle
Somalia,2023,79.5,6.0,Upper-Middle
DR Congo,2018,81.7,2.0,Lower-Middle
Pakistan,2017,77.2,1.0,Low
India,2014,91.3,1.0,Low
Sudan,2001,69.2,8.0,Low
India,2013,72.6,5.0,Low
Sudan,2020,83.5,4.0,Lower-Middle
Afghanistan,2009,77.6,1.0,Lower-Middle
India,2015,68.7,6.0,Low
Somalia,2006,88.4,1.0,Lower-Middle
Nigeria,2007,75.1,,Low
Afghanistan,2009,71.9,,Lower-Middle
Sudan,2014,79.9,6.0,Upper-Middle
Sudan,2007,71.3,3.0,Lower-Middle
Afghanistan,2012,81.6,6.0,Low
Sudan,2011,77.7,3.0,Upper-Middle
Ethiopia,2007,75.8,6.0,Low
Nigeria,2014,75.9,5.0,Upper-Middle
Somalia,2011,93.9,1.0,Upper-Middle
Ethiopia,2010,86.4,3.0,Lower-Middle
Sudan,2018,61.5,3.0,Lower-Middle
India,2013,92.6,2.0,Upper-Middle
Ethiopia,2017,88.2,4.0,Upper-Middle
India,2012,87.5,2.0,Upper-Middle
Afghanistan,2003,92.7,4.0,Low
DR Congo,2016,82.2,4.0,Lower-Middle
Indonesia,2018,89.4,0.0,Low
Sudan,2008,76.4,4.0,Lower-Middle
Indonesia,2022,92.2,2.0,Low
Nigeria,2006,84.6,3.0,Lower-Middle
India,2000,65.5,3.0,Upper-Middle
Ethiopia,2006,94.4,2.0,Upper-Middle
Indonesia,2006,80.5,0.0,Lower-Middle
Pakistan,2019,78.8,1.0,Upper-Middle
Sudan,2006,76.7,5.0,Upper-Middle
Indonesia,2007,77.6,4.0,Low
Ethiopia,2015,84.8,2.0,Lower-Middle
Ethiopia,2002,70.1,1.0,Upper-Middle
Nigeria,2012,63.2,1.0,Lower-Middle
Kenya,2009,69.2,3.0,Low
Somalia,2017,86.6,3.0,Lower-Middle
Pakistan,2006,80.1,3.0,Low
Indonesia,2020,95.4,5.0,Low
Somalia,2020,81.2,4.0,Low
Pakistan,2004,92.1,3.0,Upper-Middle
Kenya,2022,73.7,0.0,Low
Indonesia,2023,76.8,7.0,Lower-Middle
Pakistan,2021,82.1,3.0,Lower-Middle
Somalia,2006,80.2,4.0,Upper-Middle
India,2021,79.1,4.0,Upper-Middle
Ethiopia,2016,71.5,4.0,Low
DR Congo,2003,63.0,1.0,Low
Afghanistan,2023,,4.0,Low
Sudan,2022,88.2,3.0,Upper-Middle
DR Congo,2015,74.6,4.0,Upper-Middle
Indonesia,2018,86.5,2.0,Lower-Middle
Indonesia,2009,80.0,5.0,Low
Pakistan,2002,95.3,3.0,Low
Ethiopia,2002,66.3,1.0,Lower-Middle
Kenya,2016,80.5,4.0,Lower-Middle
Nigeria,2009,79.5,6.0,Lower-Middle
Pakistan,2016,83.9,1.0,Lower-Middle
Nigeria,2021,100.0,3.0,Low
Afghanistan,2016,80.5,2.0,Upper-Middle
Somalia,2020,90.9,6.0,Low
Pakistan,2003,80.2,1.0,Lower-Middle
Afghanistan,2020,94.9,4.0,Upper-Middle
Sudan,2022,91.0,2.0,Low
Pakistan,2005,78.0,5.0,Lower-Middle
Ethiopia,2011,77.1,2.0,Upper-Middle
Ethiopia,2021,,1.0,Upper-Middle
Indonesia,2019,74.1,2.0,Upper-Middle
Sudan,2016,84.3,5.0,Low
Indonesia,2016,77.7,2.0,Lower-Middle
Nigeria,2009,86.4,2.0,Low
DR Congo,2006,80.1,3.0,Low
Kenya,2015,73.7,4.0,Low
Sudan,2012,95.3,2.0,Upper-Middle
Somalia,2002,84.9,4.0,Lower-Middle
Kenya,2001,81.4,4.0,Low
Kenya,2015,87.0,3.0,Lower-Middle
India,2005,61.9,7.0,Upper-Middle
Pakistan,2005,100.0,0.0,Low
Somalia,2012,82.3,4.0,Lower-Middle
Sudan,2006,58.4,5.0,Upper-Middle
Indonesia,2004,96.4,3.0,Low
Nigeria,2023,73.0,0.0,Low
Pakistan,2006,94.5,5.0,Lower-Middle
India,2001,83.5,4.0,Lower-Middle
Nigeria,2016,63.2,1.0,Low
Sudan,2012,85.1,0.0,Low
DR Congo,2020,84.3,3.0,Upper-Middle
Kenya,2020,95.8,4.0,Upper-Middle
India,2015,,4.0,Low
Nigeria,2019,67.1,1.0,Lower-Middle
Indonesia,2001,94.0,2.0,Lower-Middle
India,2004,77.0,1.0,Low
Nigeria,2017,100.0,1.0,Upper-Middle
India,2006,77.7,0.0,Low
Indonesia,2010,79.5,4.0,Lower-Middle
Indonesia,2010,72.1,3.0,Low
Somalia,2021,,,Low
Ethiopia,2016,72.8,5.0,Upper-Middle
Kenya,2015,,5.0,Lower-Middle
Pakistan,2012,,3.0,Lower-Middle
Pakistan,2021,91.7,7.0,Low
Sudan,2004,91.9,1.0,Lower-Middle
Afghanistan,2019,98.5,3.0,Lower-Middle
Sudan,2015,82.5,5.0,Lower-Middle
Afghanistan,2021,69.7,2.0,Lower-Middle
India,2021,79.9,2.0,Upper-Middle
Afghanistan,2015,89.1,2.0,Upper-Middle
Ethiopia,2015,83.0,5.0,Upper-Middle
Ethiopia,2013,86.4,2.0,Upper-Middle
Kenya,2005,98.4,1.0,Upper-Middle
Nigeria,2001,89.0,3.0,Lower-Middle
Pakistan,2013,,3.0,Low
Kenya,2015,59.9,1.0,Low
Ethiopia,2022,72.6,5.0,Upper-Middle
Nigeria,2019,77.1,2.0,Lower-Middle
Sudan,2012,58.3,4.0,Upper-Middle
Pakistan,2014,68.7,5.0,Low
Somalia,2011,78.8,,Lower-Middle
Pakistan,2008,80.7,5.0,Lower-Middle
India,2017,88.1,4.0,Lower-Middle
DR Congo,2020,79.5,4.0,Low
Pakistan,2013,85.0,2.0,Low
Ethiopia,2019,77.0,6.0,Upper-Middle
India,2003,,0.0,Upper-Middle
Indonesia,2007,87.4,1.0,Low
Afghanistan,2007,99.7,0.0,Upper-Middle
Sudan,2021,75.8,2.0,Low
Somalia,2021,83.7,1.0,Lower-Middle
Sudan,2015,92.4,2.0,Upper-Middle
Indonesia,2023,64.7,8.0,Low
DR Congo,2009,100.0,5.0,Low
Pakistan,2020,96.1,2.0,Low
Kenya,2016,61.5,1.0,Upper-Middle
India,2000,,2.0,Upper-Middle
Somalia,2017,75.2,5.0,Lower-Middle
Indonesia,2009,77.2,5.0,Upper-Middle
DR Congo,2020,86.2,2.0,Upper-Middle
Sudan,2003,94.6,4.0,Upper-Middle
Indonesia,2000,76.4,1.0,Lower-Middle
Somalia,2003,76.6,1.0,Lower-Middle
Somalia,2003,86.5,1.0,Lower-Middle
DR Congo,2003,88.9,5.0,Upper-Middle
Sudan,2016,69.9,2.0,Low
Ethiopia,2008,100.0,4.0,Upper-Middle
Somalia,2018,74.3,4.0,Lower-Middle
India,2012,93.6,5.0,Upper-Middle
India,2003,87.4,4.0,Upper-Middle
Afghanistan,2004,89.3,3.0,Low
Sudan,2012,74.5,3.0,Low
Indonesia,2022,61.3,3.0,Upper-Middle
India,2015,81.7,5.0,Lower-Middle
DR Congo,2021,81.8,4.0,Upper-Middle
Indonesia,2004,70.5,,Upper-Middle
Sudan,2007,93.0,2.0,Upper-Middle
DR Congo,2015,81.4,4.0,Lower-Middle
Pakistan,2000,72.3,5.0,Lower-Middle
Nigeria,2022,89.0,1.0,Lower-Middle
India,2005,89.3,5.0,Lower-Middle
India,2010,73.4,5.0,Lower-Middle
Afghanistan,2015,96.8,2.0,Upper-Middle
Ethiopia,2004,100.0,2.0,Lower-Middle
Afghanistan,2015,68.9,2.0,Upper-Middle
Sudan,2006,79.8,2.0,Upper-Middle
Afghanistan,2018,86.0,4.0,Upper-Middle
Ethiopia,2000,100.0,3.0,Low
Ethiopia,2008,73.2,1.0,Lower-Middle
Somalia,2017,70.7,5.0,Lower-Middle
Somalia,2012,70.6,2.0,Upper-Middle
Nigeria,2014,96.7,3.0,Low
DR Congo,2002,73.5,0.0,Lower-Middle
Pakistan,2023,71.8,1.0,Upper-Middle
Ethiopia,2009,84.8,3.0,Low
Pakistan,2008,85.7,2.0,Upper-Middle
India,2012,94.9,2.0,Low
Kenya,2015,83.1,3.0,Upper-Middle
Nigeria,2002,85.0,2.0,Lower-Middle
Sudan,2021,80.7,3.0,Upper-Middle
Indonesia,2022,66.3,5.0,Upper-Middle
Pakistan,2014,79.6,3.0,Low
Afghanistan,2016,82.8,5.0,Low
Ethiopia,2013,76.7,4.0,Lower-Middle
Pakistan,2006,63.2,4.0,Upper-Middle
Indonesia,2019,68.4,4.0,Low
Ethiopia,2015,81.5,2.0,Lower-Middle
Sudan,2020,93.2,2.0,Lower-Middle
Kenya,2007,100.0,5.0,Low
Afghanistan,2003,79.8,5.0,Low
Pakistan,2019,73.4,1.0,Upper-Middle
Somalia,2023,77.5,3.0,Lower-Middle
Nigeria,2014,,8.0,Low
Pakistan,2004,91.5,3.0,Lower-Middle
Pakistan,2012,100.0,6.0,Upper-Middle
Indonesia,2005,73.7,1.0,Low
Indonesia,2004,67.7,3.0,Lower-Middle
Nigeria,2016,94.1,2.0,Low
Pakistan,2006,85.8,1.0,Upper-Middle
DR Congo,2005,86.0,2.0,Upper-Middle
Sudan,2001,100.0,3.0,Upper-Middle
Indonesia,2010,65.6,4.0,Upper-Middle
Indonesia,2006,65.3,2.0,Low
DR Congo,2021,80.1,2.0,Low
Ethiopia,2020,82.8,3.0,Lower-Middle
Pakistan,2007,77.7,5.0,Lower-Middle
Nigeria,2004,100.0,3.0,Low
Indonesia,2017,78.3,3.0,Low
Nigeria,2021,75.4,2.0,Lower-Middle
Nigeria,2015,83.5,1.0,Low
Sudan,2013,93.7,3.0,Upper-Middle
Somalia,2011,73.3,4.0,Upper-Middle
Indonesia,2016,80.2,2.0,Upper-Middle
Afghanistan,2004,94.0,1.0,Lower-Middle
Ethiopia,2013,94.7,5.0,Low
Nigeria,2005,84.6,2.0,Lower-Middle
Indonesia,2014,100.0,2.0,Lower-Middle
Ethiopia,2006,100.0,5.0,Low
Afghanistan,2013,65.1,1.0,Lower-Middle
Indonesia,2017,61.7,3.0,Upper-Middle
Pakistan,2000,91.5,6.0,Low
Nigeria,2005,98.4,4.0,Upper-Middle
Afghanistan,2002,79.3,6.0,Upper-Middle
Pakistan,2004,76.0,0.0,Low
Nigeria,2011,72.2,3.0,Upper-Middle
India,2010,68.0,5.0,Upper-Middle
Kenya,2012,95.6,3.0,Upper-Middle
DR Congo,2015,77.4,4.0,Low
Nigeria,2017,85.6,1.0,Low
Afghanistan,2016,,7.0,Low
Afghanistan,2016,94.0,2.0,Lower-Middle
Kenya,2010,89.1,4.0,Upper-Middle
Indonesia,2019,65.9,4.0,Lower-Middle
DR Congo,2009,85.1,1.0,Lower-Middle
Ethiopia,2015,82.1,3.0,Upper-Middle
Nigeria,2001,76.6,3.0,Low
Indonesia,2016,47.2,6.0,Lower-Middle
Pakistan,2021,74.1,4.0,Low
Ethiopia,2019,85.6,3.0,Low
DR Congo,2009,75.4,,Upper-Middle
Indonesia,2012,79.3,3.0,Lower-Middle
Somalia,2011,100.0,3.0,Lower-Middle
Ethiopia,2014,81.1,4.0,Low
Sudan,2006,56.8,3.0,Upper-Middle
Sudan,2021,79.8,1.0,Lower-Middle
Nigeria,2020,83.2,4.0,Low
Nigeria,2012,,5.0,Low
Nigeria,2011,90.8,5.0,Low
DR Congo,2011,,3.0,Upper-Middle
Somalia,2001,80.3,3.0,Upper-Middle
Indonesia,2004,64.3,5.0,Low
Pakistan,2001,78.5,,Low
India,2022,90.5,2.0,Upper-Middle
Afghanistan,2019,80.1,3.0,Low
Pakistan,2012,79.4,1.0,Low
Indonesia,2002,82.3,4.0,Upper-Middle
Somalia,2010,82.9,5.0,Low
DR Congo,2015,90.3,3.0,Low
Ethiopia,2000,90.4,3.0,Low
Pakistan,2018,99.1,1.0,Upper-Middle
Ethiopia,2010,84.0,2.0,Upper-Middle
India,2008,,2.0,Upper-Middle
Indonesia,2013,,6.0,Lower-Middle
Somalia,2008,,,Lower-Middle
Indonesia,2006,100.0,4.0,Lower-Middle
Afghanistan,2015,99.4,6.0,Lower-Middle
DR Congo,2002,76.1,4.0,Upper-Middle
Afghanistan,2018,84.2,1.0,Low
Indonesia,2003,78.8,6.0,Upper-Middle
Afghanistan,2006,77.1,2.0,Lower-Middle
Kenya,2022,80.6,2.0,Upper-Middle
Indonesia,2011,97.4,3.0,Low
Somalia,2017,62.9,5.0,Lower-Middle
Pakistan,2004,70.0,3.0,Low
Somalia,2022,96.6,3.0,Low
Kenya,2022,99.4,1.0,Low
Pakistan,2021,74.1,2.0,Lower-Middle
Kenya,2009,100.0,3.0,Upper-Middle
Pakistan,2011,93.7,1.0,Lower-Middle
Somalia,2007,78.8,1.0,Lower-Middle
Indonesia,2018,52.8,4.0,Upper-Middle
Nigeria,2014,62.0,2.0,Upper-Middle
Sudan,2000,74.1,4.0,Upper-Middle
Sudan,2002,91.1,,Upper-Middle
Kenya,2017,91.2,1.0,Low
Sudan,2017,76.4,3.0,Lower-Middle
Somalia,2001,79.2,3.0,Lower-Middle
Ethiopia,2004,81.6,1.0,Lower-Middle
Kenya,2000,79.4,3.0,Upper-Middle
Pakistan,2009,84.0,2.0,Lower-Middle
DR Congo,2019,,5.0,Low
Afghanistan,2009,61.9,5.0,Lower-Middle
Somalia,2004,79.5,6.0,Lower-Middle
Pakistan,2017,81.7,3.0,Low
Ethiopia,2020,93.9,2.0,Low
DR Congo,2014,72.0,,Lower-Middle
Sudan,2019,84.4,2.0,Upper-Middle
Ethiopia,2007,88.8,1.0,Upper-Middle
Kenya,2016,80.2,3.0,Lower-Middle
India,2011,60.9,4.0,Lower-Middle
India,2020,94.1,4.0,Lower-Middle
Sudan,2011,91.0,1.0,Lower-Middle
India,2000,84.7,1.0,Upper-Middle
India,2003,82.5,5.0,Lower-Middle
Pakistan,2007,60.6,3.0,Low
Pakistan,2000,91.3,0.0,Upper-Middle
Afghanistan,2014,99.8,8.0,Upper-Middle
Indonesia,2017,68.6,2.0,Low
Sudan,2000,98.1,5.0,Lower-Middle
India,2010,95.6,3.0,Lower-Middle
Afghanistan,2022,68.3,2.0,Lower-Middle
Sudan,2001,77.3,7.0,Lower-Middle
India,2000,65.3,0.0,Lower-Middle
Somalia,2011,81.2,3.0,Low
Nigeria,2015,87.4,4.0,Lower-Middle
Somalia,2021,66.2,4.0,Low
DR Congo,2021,86.6,4.0,Low
Sudan,2009,89.7,8.0,Low
Indonesia,2017,89.8,4.0,Lower-Middle
DR Congo,2014,87.5,2.0,Lower-Middle
Afghanistan,2016,,1.0,Upper-Middle
Afghanistan,2009,80.5,2.0,Upper-Middle
India,2002,86.2,0.0,Low
DR Congo,2020,99.5,4.0,Upper-Middle
India,2015,82.0,3.0,Low
Sudan,2005,87.1,1.0,Upper-Middle
Afghanistan,2002,70.8,3.0,Lower-Middle
Nigeria,2008,68.1,6.0,Lower-Middle
Afghanistan,2010,66.6,4.0,Low
Pakistan,2020,77.0,1.0,Low
Ethiopia,2012,100.0,1.0,Lower-Middle
Indonesia,2017,77.2,3.0,Lower-Middle
DR Congo,2021,86.4,3.0,Lower-Middle
India,2023,88.7,7.0,Upper-Middle
Ethiopia,2021,68.9,5.0,Upper-Middle
Ethiopia,2003,,7.0,Upper-Middle
Somalia,2021,89.5,3.0,Upper-Middle
Kenya,2023,87.1,2.0,Low
Somalia,2007,58.1,4.0,Low
Somalia,2012,89.1,2.0,Upper-Middle
Indonesia,2009,75.4,6.0,Low
Pakistan,2001,75.7,3.0,Upper-Middle
Afghanistan,2007,86.9,1.0,Upper-Middle
Somalia,2005,100.0,2.0,Lower-Middle
Sudan,2015,79.6,6.0,Upper-Middle
Afghanistan,2017,96.1,4.0,Low
Pakistan,2016,,3.0,Upper-Middle
India,2005,83.6,4.0,Lower-Middle
Kenya,2012,75.5,3.0,Low
Afghanistan,2022,85.4,4.0,Lower-Middle
DR Congo,2013,78.4,2.0,Upper-Middle
Indonesia,2020,65.9,7.0,Upper-Middle
Ethiopia,2009,71.4,3.0,Upper-Middle
India,2023,62.3,4.0,Upper-Middle
Pakistan,2010,66.3,6.0,Low
Somalia,2012,87.8,4.0,Upper-Middle
Sudan,2011,79.0,2.0,Lower-Middle
Sudan,2008,84.8,6.0,Low
Kenya,2003,100.0,2.0,Low
Pakistan,2006,78.4,3.0,Low
India,2023,89.6,,Lower-Middle
DR Congo,2021,,4.0,Lower-Middle
Ethiopia,2001,100.0,6.0,Lower-Middle
Somalia,2006,45.8,2.0,Lower-Middle
Indonesia,2008,73.4,2.0,Upper-Middle
Nigeria,2004,89.8,6.0,Upper-Middle
Nigeria,2014,,2.0,Lower-Middle
Somalia,2017,88.8,1.0,Lower-Middle
India,2003,81.3,6.0,Upper-Middle
Somalia,2018,92.4,4.0,Upper-Middle
Pakistan,2019,68.4,4.0,Lower-Middle
Nigeria,2006,84.1,2.0,Low
Kenya,2007,87.6,1.0,Low
Pakistan,2016,83.6,4.0,Lower-Middle
Nigeria,2012,83.8,5.0,Low
DR Congo,2023,96.4,5.0,Upper-Middle
Ethiopia,2020,61.8,2.0,Low
Sudan,2022,83.5,2.0,Lower-Middle
Pakistan,2010,67.5,3.0,Low
Sudan,2000,91.1,7.0,Low
Sudan,2001,71.9,3.0,Low
Nigeria,2016,52.3,5.0,Upper-Middle
Pakistan,2004,91.4,4.0,Upper-Middle
Ethiopia,2005,78.8,2.0,Upper-Middle
DR Congo,2023,86.3,0.0,Lower-Middle
Afghanistan,2006,99.1,4.0,Low
Kenya,2020,86.5,0.0,Upper-Middle
Sudan,2014,84.0,1.0,Upper-Middle
Ethiopia,2018,81.4,1.0,Low
Indonesia,2015,68.2,6.0,Lower-Middle
Indonesia,2012,79.4,2.0,Low
Afghanistan,2004,100.0,7.0,Lower-Middle
Afghanistan,2002,77.5,4.0,Low
Afghanistan,2002,80.1,6.0,Upper-Middle
Kenya,2018,97.1,5.0,Upper-Middle
Kenya,2013,63.5,1.0,Upper-Middle
DR Congo,2015,,4.0,Lower-Middle
Sudan,2021,62.9,3.0,Low
India,2016,86.8,5.0,Lower-Middle
Indonesia,2003,81.7,1.0,Upper-Middle
Nigeria,2012,89.3,3.0,Lower-Middle
Nigeria,2007,69.9,5.0,Lower-Middle
Afghanistan,2018,75.6,3.0,Lower-Middle
Somalia,2004,90.0,0.0,Low
Indonesia,2001,75.9,2.0,Lower-Middle
India,2014,,2.0,Lower-Middle
India,2001,84.5,3.0,Lower-Middle
Nigeria,2010,76.7,4.0,Upper-Middle
Somalia,2012,78.2,4.0,Upper-Middle
India,2022,82.0,3.0,Low
Indonesia,2009,79.4,0.0,Upper-Middle
Sudan,2002,,2.0,Low
Ethiopia,2004,77.5,2.0,Upper-Middle
Somalia,2002,75.1,9.0,Low
India,2005,92.9,3.0,Low
Somalia,2012,76.9,5.0,Low
Somalia,2009,75.5,3.0,Upper-Middle
Sudan,2018,52.2,4.0,Lower-Middle
Indonesia,2007,69.5,2.0,Upper-Middle
Nigeria,2017,71.9,0.0,Lower-Middle
Sudan,2002,75.5,1.0,Upper-Middle
India,2023,73.3,0.0,Lower-Middle
Afghanistan,2023,93.8,2.0,Upper-Middle
Sudan,2016,72.7,5.0,Low
Afghanistan,2007,73.6,3.0,Low
Pakistan,2009,83.9,3.0,Low
Nigeria,2001,68.8,2.0,Lower-Middle
Indonesia,2011,100.0,1.0,Lower-Middle
Ethiopia,2022,91.6,3.0,Low
Somalia,2005,68.0,2.0,Lower-Middle
Afghanistan,2001,94.2,2.0,Low
Ethiopia,2020,96.7,3.0,Upper-Middle
Ethiopia,2022,68.3,,Lower-Middle
Afghanistan,2023,68.0,0.0,Lower-Middle
Ethiopia,2002,74.7,3.0,Upper-Middle
Somalia,2016,65.0,3.0,Lower-Middle
DR Congo,2006,72.6,,Lower-Middle
Pakistan,2020,77.2,2.0,Lower-Middle
Afghanistan,2004,88.0,3.0,Upper-Middle
Somalia,2022,,3.0,Low
Nigeria,2000,80.2,2.0,Low
Afghanistan,2007,76.2,6.0,Upper-Middle
Somalia,2011,66.3,5.0,Upper-Middle
Somalia,2013,89.1,3.0,Upper-Middle
Sudan,2015,88.8,1.0,Low
DR Congo,2009,74.6,3.0,Upper-Middle
Afghanistan,2014,68.8,4.0,Low
Indonesia,2020,100.0,2.0,Upper-Middle
Somalia,2023,85.0,2.0,Lower-Middle
Pakistan,2014,86.8,3.0,Low
Sudan,2009,87.3,2.0,Low
Somalia,2020,67.6,1.0,Upper-Middle
Afghanistan,2006,100.0,1.0,Lower-Middle
India,2002,77.2,3.0,Low
Somalia,2001,91.9,3.0,Upper-Middle
Kenya,2005,99.5,3.0,Lower-Middle
India,2020,83.0,0.0,Low
Somalia,2008,67.8,4.0,Upper-Middle
Ethiopia,2009,52.1,3.0,Lower-Middle
Somalia,2003,81.5,5.0,Low
Nigeria,2002,85.0,8.0,Low
Ethiopia,2008,75.0,3.0,Lower-Middle
Afghanistan,2023,83.6,2.0,Upper-Middle
Pakistan,2021,87.2,5.0,Upper-Middle
India,2016,93.9,3.0,Lower-Middle
Indonesia,2013,79.3,0.0,Low
Sudan,2009,81.5,4.0,Lower-Middle
Pakistan,2012,79.9,1.0,Lower-Middle
Ethiopia,2011,82.4,1.0,Lower-Middle
Sudan,2000,75.8,2.0,Low
India,2021,75.8,1.0,Lower-Middle
Indonesia,2018,76.5,3.0,Lower-Middle
Kenya,2018,83.9,5.0,Low
Kenya,2005,71.8,4.0,Low
Indonesia,2012,76.6,3.0,Lower-Middle
Sudan,2018,100.0,3.0,Upper-Middle
Afghanistan,2012,92.8,4.0,Lower-Middle
Sudan,2021,70.5,3.0,Low
Somalia,2020,92.4,,Low
Sudan,2003,89.5,2.0,Low
Afghanistan,2023,80.8,3.0,Upper-Middle
Pakistan,2001,73.5,4.0,Low
India,2014,72.1,2.0,Upper-Middle
Sudan,2011,84.7,8.0,Low
India,2006,71.8,2.0,Low
Ethiopia,2019,,1.0,Lower-Middle
Kenya,2017,98.6,8.0,Upper-Middle
Kenya,2022,81.5,2.0,Lower-Middle
Afghanistan,2012,95.7,3.0,Upper-Middle
Ethiopia,2016,77.1,1.0,Low
Kenya,2003,73.4,3.0,Low
Afghanistan,2013,95.2,6.0,Upper-Middle
Sudan,2019,100.0,3.0,Lower-Middle
Ethiopia,2012,100.0,2.0,Upper-Middle
Somalia,2002,86.0,2.0,Upper-Middle
Somalia,2017,92.3,2.0,Upper-Middle
Somalia,2013,85.7,4.0,Low
Pakistan,2014,98.8,3.0,Upper-Middle
Somalia,2002,87.2,1.0,Low
Ethiopia,2000,91.7,5.0,Lower-Middle
Nigeria,2023,68.4,2.0,Low
Kenya,2016,79.2,3.0,Lower-Middle
Somalia,2002,91.8,3.0,Lower-Middle
Ethiopia,2013,90.7,5.0,Lower-Middle
DR Congo,2002,92.8,4.0,Low
Sudan,2012,83.4,6.0,Upper-Middle
Pakistan,2014,74.2,4.0,Low
India,2017,,1.0,Lower-Middle
Afghanistan,2013,82.6,4.0,Upper-Middle
DR Congo,2020,,2.0,Low
DR Congo,2002,70.4,2.0,Lower-Middle
Pakistan,2018,78.8,5.0,Lower-Middle
Afghanistan,2007,80.9,2.0,Upper-Middle
Pakistan,2003,55.1,2.0,Low
Somalia,2003,92.0,1.0,Upper-Middle
India,2018,84.0,4.0,Upper-Middle
Afghanistan,2010,85.2,2.0,Upper-Middle
Ethiopia,2000,75.8,4.0,Upper-Middle
Kenya,2007,89.0,0.0,Low
Pakistan,2014,,3.0,Upper-Middle
India,2000,73.9,6.0,Lower-Middle
Sudan,2006,89.5,3.0,Lower-Middle
Nigeria,2020,86.3,1.0,Lower-Middle
Sudan,2019,66.7,4.0,Upper-Middle
Nigeria,2019,100.0,0.0,Lower-Middle
Indonesia,2023,72.9,2.0,Low
Ethiopia,2010,80.4,4.0,Upper-Middle
Indonesia,2013,100.0,1.0,Upper-Middle
Pakistan,2021,57.3,3.0,Upper-Middle
Pakistan,2015,61.5,5.0,Low
Nigeria,2013,87.3,2.0,Upper-Middle
Afghanistan,2011,52.3,1.0,Upper-Middle
India,2016,57.5,5.0,Lower-Middle
Somalia,2013,96.1,1.0,Lower-Middle
DR Congo,2009,77.1,2.0,Upper-Middle
Pakistan,2023,100.0,2.0,Low
Indonesia,2013,69.6,2.0,Lower-Middle
Indonesia,2017,78.2,2.0,Upper-Middle
Sudan,2021,88.5,1.0,Lower-Middle
Ethiopia,2008,87.7,2.0,Lower-Middle
Nigeria,2016,78.9,3.0,Low
DR Congo,2005,74.2,3.0,Upper-Middle
Nigeria,2007,84.8,0.0,Lower-Middle
Pakistan,2012,98.5,5.0,Upper-Middle
Kenya,2017,91.2,7.0,Low
DR Congo,2004,74.4,3.0,Low
Sudan,2005,70.1,1.0,Lower-Middle
Indonesia,2020,73.7,3.0,Low
Sudan,2018,66.7,1.0,Lower-Middle
Pakistan,2003,83.8,3.0,Upper-Middle
Kenya,2006,91.8,3.0,Lower-Middle
Somalia,2003,,1.0,Lower-Middle
DR Congo,2010,100.0,5.0,Low
Nigeria,2011,100.0,4.0,Upper-Middle
DR Congo,2013,85.7,0.0,Upper-Middle
Indonesia,2012,90.4,3.0,Lower-Middle
Nigeria,2009,71.2,1.0,Upper-Middle
Somalia,2017,77.7,11.0,Upper-Middle
Somalia,2015,97.3,0.0,Lower-Middle
Ethiopia,2004,75.0,4.0,Lower-Middle
Nigeria,2007,99.8,3.0,Upper-Middle
India,2013,95.4,3.0,Lower-Middle
Kenya,2004,,0.0,Low
India,2023,67.9,1.0,Upper-Middle
Somalia,2007,78.3,4.0,Lower-Middle
Nigeria,2005,89.7,7.0,Upper-Middle
Ethiopia,2015,70.2,1.0,Upper-Middle
DR Congo,2003,79.7,0.0,Low
DR Congo,2011,91.0,2.0,Low
DR Congo,2010,75.2,4.0,Upper-Middle
Ethiopia,2002,71.8,2.0,Low
Pakistan,2011,60.4,3.0,Lower-Middle
Nigeria,2004,77.4,3.0,Upper-Middle
India,2005,91.3,1.0,Low
Kenya,2018,71.5,3.0,Upper-Middle
Somalia,2017,82.2,2.0,Upper-Middle
Kenya,2015,79.3,4.0,Lower-Middle
Somalia,2022,74.0,4.0,Lower-Middle
Nigeria,2010,92.1,2.0,Lower-Middle
Nigeria,2004,100.0,1.0,Low
Sudan,2008,94.1,3.0,Low
India,2002,73.6,2.0,Low
Indonesia,2007,100.0,5.0,Lower-Middle
Somalia,2005,94.0,3.0,Upper-Middle
Afghanistan,2003,76.5,3.0,Lower-Middle
Indonesia,2011,72.7,7.0,Low
DR Congo,2011,,4.0,Low
Kenya,2020,84.1,2.0,Low
Nigeria,2015,,4.0,Lower-Middle
Afghanistan,2009,80.2,3.0,Low
Somalia,2021,77.1,3.0,Lower-Middle
Pakistan,2013,72.1,6.0,Upper-Middle
Somalia,2012,94.2,2.0,Lower-Middle
Kenya,2008,91.4,0.0,Low
Somalia,2006,92.1,3.0,Upper-Middle
Somalia,2011,91.9,3.0,Low
Ethiopia,2004,71.0,1.0,Upper-Middle
India,2017,74.8,3.0,Low
Indonesia,2003,99.5,0.0,Lower-Middle
Pakistan,2001,83.3,2.0,Low
Nigeria,2002,64.4,4.0,Lower-Middle
Somalia,2011,84.6,6.0,Lower-Middle
Pakistan,2002,89.9,3.0,Upper-Middle
Sudan,2003,88.3,3.0,Lower-Middle
Somalia,2005,70.7,0.0,Lower-Middle
Ethiopia,2011,100.0,7.0,Lower-Middle
Ethiopia,2018,64.0,3.0,Upper-Middle
Afghanistan,2009,83.3,4.0,Low
DR Congo,2000,100.0,5.0,Low
Kenya,2016,89.1,2.0,Lower-Middle
Indonesia,2015,92.0,0.0,Lower-Middle
Sudan,2008,69.4,1.0,Low
Kenya,2020,86.2,1.0,Lower-Middle
Kenya,2008,81.6,2.0,Low
Afghanistan,2022,68.4,2.0,Upper-Middle
Ethiopia,2008,92.4,3.0,Lower-Middle
India,2011,72.2,2.0,Lower-Middle
Pakistan,2022,73.6,3.0,Low
Nigeria,2008,87.2,3.0,Low
India,2014,80.3,6.0,Upper-Middle
India,2001,84.0,4.0,Lower-Middle
DR Congo,2010,79.5,4.0,Low
DR Congo,2010,99.0,1.0,Upper-Middle
India,2007,70.9,0.0,Low
Ethiopia,2022,76.4,4.0,Low
Kenya,2005,87.8,2.0,Upper-Middle
Pakistan,2020,70.1,7.0,Upper-Middle
Kenya,2019,69.6,3.0,Upper-Middle
Kenya,2006,83.7,1.0,Upper-Middle
Kenya,2002,92.4,1.0,Upper-Middle
Pakistan,2007,94.0,4.0,Upper-Middle
Pakistan,2017,83.1,3.0,Lower-Middle
Afghanistan,2016,73.9,4.0,Upper-Middle
Indonesia,2010,,3.0,Lower-Middle
India,2001,88.8,2.0,Low
Somalia,2020,85.1,0.0,Low
Afghanistan,2023,96.8,1.0,Upper-Middle
Afghanistan,2018,69.8,,Low
Nigeria,2006,73.6,3.0,Upper-Middle
Somalia,2017,95.1,3.0,Upper-Middle
DR Congo,2007,64.3,1.0,Lower-Middle
Nigeria,2013,75.5,6.0,Low
DR Congo,2006,73.2,2.0,Upper-Middle
Indonesia,2020,63.2,2.0,Low
Sudan,2003,79.8,5.0,Lower-Middle
DR Congo,2016,91.0,4.0,Low
Kenya,2004,83.9,4.0,Lower-Middle
DR Congo,2011,91.6,2.0,Lower-Middle
Somalia,2008,96.3,8.0,Lower-Middle
Pakistan,2019,77.4,5.0,Upper-Middle
Somalia,2012,100.0,5.0,Upper-Middle
Indonesia,2017,77.9,7.0,Low
Afghanistan,2019,79.4,2.0,Upper-Middle
Kenya,2008,73.5,2.0,Upper-Middle
Sudan,2003,88.5,3.0,Low
Indonesia,2020,78.5,6.0,Lower-Middle
Afghanistan,2007,81.1,2.0,Lower-Middle
Ethiopia,2000,79.5,6.0,Low
Somalia,2016,79.3,6.0,Upper-Middle
Indonesia,2008,83.9,4.0,Low
Somalia,2019,76.6,5.0,Low
Sudan,2012,,4.0,Upper-Middle
Afghanistan,2001,94.9,2.0,Low
Somalia,2012,78.5,,Upper-Middle
Pakistan,2008,86.6,6.0,Upper-Middle
DR Congo,2019,71.3,5.0,Low
Nigeria,2005,,2.0,Lower-Middle
Sudan,2000,67.2,2.0,Upper-Middle
Nigeria,2004,100.0,4.0,Lower-Middle
India,2002,98.5,3.0,Upper-Middle
DR Congo,2003,89.1,3.0,Lower-Middle
Sudan,2000,100.0,6.0,Low
Indonesia,2013,91.2,3.0,Upper-Middle
Pakistan,2008,79.9,4.0,Low
Indonesia,2023,86.5,4.0,Low
Ethiopia,2003,98.3,4.0,Low
India,2017,71.4,4.0,Upper-Middle
Pakistan,2013,67.9,5.0,Low
Somalia,2003,86.9,0.0,Low
Somalia,2009,75.0,3.0,Upper-Middle
Kenya,2002,54.9,1.0,Low
Somalia,2022,67.1,3.0,Upper-Middle
Afghanistan,2006,78.3,10.0,Low
